taxonID,description,type,language
ad-hoc-checklist:taxon:00173d67b213ebc5eb0c1a29b7e422dc,Europe (WGSRPD:1),native range,en
ad-hoc-checklist:taxon:00173d67b213ebc5eb0c1a29b7e422dc,cbd_2014_pathway:escape_pet,pathway,en
ad-hoc-checklist:taxon:00173d67b213ebc5eb0c1a29b7e422dc,cbd_2014_pathway:release_other,pathway,en
ad-hoc-checklist:taxon:00173d67b213ebc5eb0c1a29b7e422dc,introduced,degree of establishment,en
ad-hoc-checklist:taxon:02127ef216ec86a6df37669a0da367e8,introduced,degree of establishment,en
ad-hoc-checklist:taxon:0338bf66bffd36ae51953987b1e327cd,established,degree of establishment,en
ad-hoc-checklist:taxon:04f0fa33aab56bd2c92b381eeda83b7b,Asia,native range,en
ad-hoc-checklist:taxon:04f0fa33aab56bd2c92b381eeda83b7b,cbd_2014_pathway:release_biological_control,pathway,en
ad-hoc-checklist:taxon:04f0fa33aab56bd2c92b381eeda83b7b,established,degree of establishment,en
ad-hoc-checklist:taxon:05fac09d962d4db66a618110aab48f8e,cbd_2014_pathway:contaminant_timber,pathway,en
ad-hoc-checklist:taxon:05fac09d962d4db66a618110aab48f8e,established,degree of establishment,en
ad-hoc-checklist:taxon:0bcd26f38390fe99c643104b28217c02,Africa (WGSRPD:2),native range,en
ad-hoc-checklist:taxon:0bcd26f38390fe99c643104b28217c02,introduced,degree of establishment,en
ad-hoc-checklist:taxon:0bd36fa88a3080c7e98593020f71fb91,Southern Asia,native range,en
ad-hoc-checklist:taxon:0bd36fa88a3080c7e98593020f71fb91,cbd_2014_pathway:contaminant_animal_parasite,pathway,en
ad-hoc-checklist:taxon:0bd36fa88a3080c7e98593020f71fb91,established,degree of establishment,en
ad-hoc-checklist:taxon:0c00a7f95bf886620aaf230ef19c4702,Cosmopolitan,native range,en
ad-hoc-checklist:taxon:0c00a7f95bf886620aaf230ef19c4702,established,degree of establishment,en
ad-hoc-checklist:taxon:0c166dc873f97eab93817203eac24df6,Asia,native range,en
ad-hoc-checklist:taxon:0c166dc873f97eab93817203eac24df6,cbd_2014_pathway:agriculture,pathway,en
ad-hoc-checklist:taxon:0c166dc873f97eab93817203eac24df6,introduced,degree of establishment,en
ad-hoc-checklist:taxon:0cf152a392bb98b8dca84f219e8099f5,"Cape Verde Is., Africa, Madagascar, Comoros",native range,en
ad-hoc-checklist:taxon:0cf152a392bb98b8dca84f219e8099f5,introduced,degree of establishment,en
ad-hoc-checklist:taxon:0e0462e484d3f0bbb46899c33a86728e,Australia,native range,en
ad-hoc-checklist:taxon:0e0462e484d3f0bbb46899c33a86728e,cbd_2014_pathway:contaminant_nursery,pathway,en
ad-hoc-checklist:taxon:0e0462e484d3f0bbb46899c33a86728e,introduced,degree of establishment,en
ad-hoc-checklist:taxon:0fe00308f2274b539fd7ffc022fec1ed,Madagascar,native range,en
ad-hoc-checklist:taxon:0fe00308f2274b539fd7ffc022fec1ed,cbd_2014_pathway:escape_pet,pathway,en
ad-hoc-checklist:taxon:0fe00308f2274b539fd7ffc022fec1ed,cbd_2014_pathway:release_other,pathway,en
ad-hoc-checklist:taxon:0fe00308f2274b539fd7ffc022fec1ed,introduced,degree of establishment,en
ad-hoc-checklist:taxon:0fe740ff557affb6d9a0ea829cbf68bd,established,degree of establishment,en
ad-hoc-checklist:taxon:10b25b3a18eaac42cac983b0ad76cf5b,Africa (WGSRPD:2),native range,en
ad-hoc-checklist:taxon:10b25b3a18eaac42cac983b0ad76cf5b,Asia,native range,en
ad-hoc-checklist:taxon:10b25b3a18eaac42cac983b0ad76cf5b,cbd_2014_pathway:contaminant_on_plants,pathway,en
ad-hoc-checklist:taxon:10b25b3a18eaac42cac983b0ad76cf5b,introduced,degree of establishment,en
ad-hoc-checklist:taxon:10eddc4a0f489767d644ad73a2551805,Southeast Asia,native range,en
ad-hoc-checklist:taxon:10eddc4a0f489767d644ad73a2551805,cbd_2014_pathway:escape_pet,pathway,en
ad-hoc-checklist:taxon:10eddc4a0f489767d644ad73a2551805,established,degree of establishment,en
ad-hoc-checklist:taxon:11f754026fc161e815b828b2126129f7,North America,native range,en
ad-hoc-checklist:taxon:11f754026fc161e815b828b2126129f7,cbd_2014_pathway:escape_pet,pathway,en
ad-hoc-checklist:taxon:11f754026fc161e815b828b2126129f7,cbd_2014_pathway:release_other,pathway,en
ad-hoc-checklist:taxon:11f754026fc161e815b828b2126129f7,introduced,degree of establishment,en
ad-hoc-checklist:taxon:12f3f7396362d8052953e9d2e6a8bd6e,North America,native range,en
ad-hoc-checklist:taxon:12f3f7396362d8052953e9d2e6a8bd6e,cbd_2014_pathway:escape_pet,pathway,en
ad-hoc-checklist:taxon:12f3f7396362d8052953e9d2e6a8bd6e,cbd_2014_pathway:release_other,pathway,en
ad-hoc-checklist:taxon:12f3f7396362d8052953e9d2e6a8bd6e,introduced,degree of establishment,en
ad-hoc-checklist:taxon:13804ff422c60a29bcdec99bf90e6a6b,Southern Asia,native range,en
ad-hoc-checklist:taxon:13804ff422c60a29bcdec99bf90e6a6b,cbd_2014_pathway:contaminant_animal_parasite,pathway,en
ad-hoc-checklist:taxon:13804ff422c60a29bcdec99bf90e6a6b,established,degree of establishment,en
ad-hoc-checklist:taxon:14a886aa3e70d20c19b95089e84cf719,"North America, Central America",native range,en
ad-hoc-checklist:taxon:14a886aa3e70d20c19b95089e84cf719,cbd_2014_pathway:escape_pet,pathway,en
ad-hoc-checklist:taxon:14a886aa3e70d20c19b95089e84cf719,cbd_2014_pathway:release_other,pathway,en
ad-hoc-checklist:taxon:14a886aa3e70d20c19b95089e84cf719,introduced,degree of establishment,en
ad-hoc-checklist:taxon:14de6c057a4723e3fda744e7ac82e408,cbd_2014_pathway:contaminant_nursery,pathway,en
ad-hoc-checklist:taxon:14de6c057a4723e3fda744e7ac82e408,introduced,degree of establishment,en
ad-hoc-checklist:taxon:163341620b597b184210c02024ddb74e,"Bolivia, Chile, Argentina",native range,en
ad-hoc-checklist:taxon:163341620b597b184210c02024ddb74e,cbd_2014_pathway:stowaway_container,pathway,en
ad-hoc-checklist:taxon:163341620b597b184210c02024ddb74e,introduced,degree of establishment,en
ad-hoc-checklist:taxon:164b5379d3a5474bbc46a2b412e7c4b8,Africa (WGSRPD:2),native range,en
ad-hoc-checklist:taxon:164b5379d3a5474bbc46a2b412e7c4b8,cbd_2014_pathway:stowaway_container,pathway,en
ad-hoc-checklist:taxon:164b5379d3a5474bbc46a2b412e7c4b8,introduced,degree of establishment,en
ad-hoc-checklist:taxon:173853858071ce0d5c9852c9199a45e0,"Costa Rica, Panama",native range,en
ad-hoc-checklist:taxon:173853858071ce0d5c9852c9199a45e0,introduced,degree of establishment,en
ad-hoc-checklist:taxon:1759b41fa48313553d1fbf670a8f5a07,Europe And Asia,native range,en
ad-hoc-checklist:taxon:1759b41fa48313553d1fbf670a8f5a07,cbd_2014_pathway:escape_pet,pathway,en
ad-hoc-checklist:taxon:1759b41fa48313553d1fbf670a8f5a07,cbd_2014_pathway:release_other,pathway,en
ad-hoc-checklist:taxon:1759b41fa48313553d1fbf670a8f5a07,introduced,degree of establishment,en
ad-hoc-checklist:taxon:17ac6361b3856c9e3969b996536956c0,Mediterranean,native range,en
ad-hoc-checklist:taxon:17ac6361b3856c9e3969b996536956c0,established,degree of establishment,en
ad-hoc-checklist:taxon:17d369e9c1242ea84a1eb4619371f3f4,Tropical Asia,native range,en
ad-hoc-checklist:taxon:17d369e9c1242ea84a1eb4619371f3f4,introduced,degree of establishment,en
ad-hoc-checklist:taxon:19bb4852670d1077cb54b1fabb7a46d8,Africa (WGSRPD:2),native range,en
ad-hoc-checklist:taxon:19bb4852670d1077cb54b1fabb7a46d8,established,degree of establishment,en
ad-hoc-checklist:taxon:1a01ace56d7703eac736da8647d74a4a,Europe (WGSRPD:1),native range,en
ad-hoc-checklist:taxon:1a01ace56d7703eac736da8647d74a4a,cbd_2014_pathway:contaminant_timber,pathway,en
ad-hoc-checklist:taxon:1a01ace56d7703eac736da8647d74a4a,introduced,degree of establishment,en
ad-hoc-checklist:taxon:1a241500ba58174cc3c9dddc61718d62,North America,native range,en
ad-hoc-checklist:taxon:1a241500ba58174cc3c9dddc61718d62,cbd_2014_pathway:escape_pet,pathway,en
ad-hoc-checklist:taxon:1a241500ba58174cc3c9dddc61718d62,cbd_2014_pathway:release_other,pathway,en
ad-hoc-checklist:taxon:1a241500ba58174cc3c9dddc61718d62,introduced,degree of establishment,en
ad-hoc-checklist:taxon:1ac9568bc799861c6e8be58c55f3db9c,America,native range,en
ad-hoc-checklist:taxon:1b988f861a719376564d0cfd37c14c39,North America,native range,en
ad-hoc-checklist:taxon:1b988f861a719376564d0cfd37c14c39,cbd_2014_pathway:release_biological_control,pathway,en
ad-hoc-checklist:taxon:1b988f861a719376564d0cfd37c14c39,introduced,degree of establishment,en
ad-hoc-checklist:taxon:1c60e51c85f9ab77fedde4e3e6141142,introduced,degree of establishment,en
ad-hoc-checklist:taxon:1e37d2d11e5a99e56b782a719f85dbbb,Eastern Asia,native range,en
ad-hoc-checklist:taxon:1e37d2d11e5a99e56b782a719f85dbbb,cbd_2014_pathway:escape_pet,pathway,en
ad-hoc-checklist:taxon:1e37d2d11e5a99e56b782a719f85dbbb,cbd_2014_pathway:release_other,pathway,en
ad-hoc-checklist:taxon:1e37d2d11e5a99e56b782a719f85dbbb,introduced,degree of establishment,en
ad-hoc-checklist:taxon:1e9f0f5e781d6e595e1b7bfae4d00b88,cbd_2014_pathway:escape_horticulture,pathway,en
ad-hoc-checklist:taxon:1e9f0f5e781d6e595e1b7bfae4d00b88,established,degree of establishment,en
ad-hoc-checklist:taxon:1ec101c30e77e89cfd06a81f284b2e8d,"Europe To Azerbaijan, Egypt",native range,en
ad-hoc-checklist:taxon:1ec101c30e77e89cfd06a81f284b2e8d,established,degree of establishment,en
ad-hoc-checklist:taxon:1ef46b04926b945e9a385a21f1e3c8ec,Canary Is. To Turkey,native range,en
ad-hoc-checklist:taxon:1ef46b04926b945e9a385a21f1e3c8ec,introduced,degree of establishment,en
ad-hoc-checklist:taxon:1f84bf295d56bbb2c32cfb0af34a1287,Mediterranean,native range,en
ad-hoc-checklist:taxon:1f84bf295d56bbb2c32cfb0af34a1287,introduced,degree of establishment,en
ad-hoc-checklist:taxon:21004d75bf5dc504406ab6d514d82757,Temperate Asia,native range,en
ad-hoc-checklist:taxon:21004d75bf5dc504406ab6d514d82757,cbd_2014_pathway:stowaway_container,pathway,en
ad-hoc-checklist:taxon:21004d75bf5dc504406ab6d514d82757,established,degree of establishment,en
ad-hoc-checklist:taxon:239656281010685895ee460bb2a5d3b8,North America,native range,en
ad-hoc-checklist:taxon:239656281010685895ee460bb2a5d3b8,cbd_2014_pathway:escape_pet,pathway,en
ad-hoc-checklist:taxon:239656281010685895ee460bb2a5d3b8,cbd_2014_pathway:release_other,pathway,en
ad-hoc-checklist:taxon:239656281010685895ee460bb2a5d3b8,introduced,degree of establishment,en
ad-hoc-checklist:taxon:246d6fa8692126881dbd6aa3fcf5f0a1,Mediterranean,native range,en
ad-hoc-checklist:taxon:246d6fa8692126881dbd6aa3fcf5f0a1,cbd_2014_pathway:contaminant_on_plants,pathway,en
ad-hoc-checklist:taxon:246d6fa8692126881dbd6aa3fcf5f0a1,established,degree of establishment,en
ad-hoc-checklist:taxon:24d4a2b0a38490cb84695fc57036b473,Southern Europe,native range,en
ad-hoc-checklist:taxon:24d4a2b0a38490cb84695fc57036b473,cbd_2014_pathway:contaminant_habitat_material,pathway,en
ad-hoc-checklist:taxon:24d4a2b0a38490cb84695fc57036b473,cbd_2014_pathway:stowaway_vehicles,pathway,en
ad-hoc-checklist:taxon:24d4a2b0a38490cb84695fc57036b473,introduced,degree of establishment,en
ad-hoc-checklist:taxon:25d90bad36d561c33ed5adf6bb8eb795,cbd_2014_pathway:contaminant_nursery,pathway,en
ad-hoc-checklist:taxon:25d90bad36d561c33ed5adf6bb8eb795,established,degree of establishment,en
ad-hoc-checklist:taxon:26674daaa2dbc0076155a4c1bc9771a3,Asia,native range,en
ad-hoc-checklist:taxon:26674daaa2dbc0076155a4c1bc9771a3,cbd_2014_pathway:release_hunting,pathway,en
ad-hoc-checklist:taxon:26674daaa2dbc0076155a4c1bc9771a3,established,degree of establishment,en
ad-hoc-checklist:taxon:26b25c88b457341c87edb0dbca4bdcba,Europe (WGSRPD:1),native range,en
ad-hoc-checklist:taxon:26b25c88b457341c87edb0dbca4bdcba,cbd_2014_pathway:stowaway_other,pathway,en
ad-hoc-checklist:taxon:26b25c88b457341c87edb0dbca4bdcba,established,degree of establishment,en
ad-hoc-checklist:taxon:275025010e3bea243fa9ce9532ec6d72,North America,native range,en
ad-hoc-checklist:taxon:275025010e3bea243fa9ce9532ec6d72,cbd_2014_pathway:escape_pet,pathway,en
ad-hoc-checklist:taxon:275025010e3bea243fa9ce9532ec6d72,introduced,degree of establishment,en
ad-hoc-checklist:taxon:2772197eb7786a8da331440c09e79155,Australia,native range,en
ad-hoc-checklist:taxon:2772197eb7786a8da331440c09e79155,cbd_2014_pathway:contaminant_habitat_material,pathway,en
ad-hoc-checklist:taxon:2772197eb7786a8da331440c09e79155,introduced,degree of establishment,en
ad-hoc-checklist:taxon:27a54674f4afcd6d8dbc893680da5bae,introduced,degree of establishment,en
ad-hoc-checklist:taxon:292a4951cbdd8cc0118e5d53af1ed84e,Asia,native range,en
ad-hoc-checklist:taxon:292a4951cbdd8cc0118e5d53af1ed84e,cbd_2014_pathway:stowaway_organic_packing,pathway,en
ad-hoc-checklist:taxon:292a4951cbdd8cc0118e5d53af1ed84e,introduced,degree of establishment,en
ad-hoc-checklist:taxon:2a57b5e6ede563a0ccf6a9d83d599c2d,Europe (WGSRPD:1),native range,en
ad-hoc-checklist:taxon:2a57b5e6ede563a0ccf6a9d83d599c2d,cbd_2014_pathway:contaminant_on_plants,pathway,en
ad-hoc-checklist:taxon:2a57b5e6ede563a0ccf6a9d83d599c2d,established,degree of establishment,en
ad-hoc-checklist:taxon:2afa7ada35e7ffa8f23de43c9ff60a06,North America,native range,en
ad-hoc-checklist:taxon:2afa7ada35e7ffa8f23de43c9ff60a06,cbd_2014_pathway:stowaway_container,pathway,en
ad-hoc-checklist:taxon:2afa7ada35e7ffa8f23de43c9ff60a06,introduced,degree of establishment,en
ad-hoc-checklist:taxon:2b5333bc423aaa15491b8575fbffe5b8,Eastern Asia,native range,en
ad-hoc-checklist:taxon:2b5333bc423aaa15491b8575fbffe5b8,cbd_2014_pathway:escape_pet,pathway,en
ad-hoc-checklist:taxon:2b5333bc423aaa15491b8575fbffe5b8,cbd_2014_pathway:release_other,pathway,en
ad-hoc-checklist:taxon:2b5333bc423aaa15491b8575fbffe5b8,introduced,degree of establishment,en
ad-hoc-checklist:taxon:2c5bfda90a9afb0bdc52c115642ef60a,Africa (WGSRPD:2),native range,en
ad-hoc-checklist:taxon:2c5bfda90a9afb0bdc52c115642ef60a,cbd_2014_pathway:escape_pet,pathway,en
ad-hoc-checklist:taxon:2c5bfda90a9afb0bdc52c115642ef60a,introduced,degree of establishment,en
ad-hoc-checklist:taxon:2d19c968eda2021826700144950dce1e,cbd_2014_pathway:contaminant_on_plants,pathway,en
ad-hoc-checklist:taxon:2f3dc8f283b4402335d1911a9d948ccf,North America,native range,en
ad-hoc-checklist:taxon:2f3dc8f283b4402335d1911a9d948ccf,cbd_2014_pathway:escape_pet,pathway,en
ad-hoc-checklist:taxon:2f3dc8f283b4402335d1911a9d948ccf,cbd_2014_pathway:release_other,pathway,en
ad-hoc-checklist:taxon:2f3dc8f283b4402335d1911a9d948ccf,introduced,degree of establishment,en
ad-hoc-checklist:taxon:2fb8ca3deefe5776669a297af9b9a2bb,cbd_2014_pathway:stowaway_other,pathway,en
ad-hoc-checklist:taxon:2fb8ca3deefe5776669a297af9b9a2bb,established,degree of establishment,en
ad-hoc-checklist:taxon:30da151bf3ba5497c6b4d72f4b3bfdfd,Africa (WGSRPD:2),native range,en
ad-hoc-checklist:taxon:30da151bf3ba5497c6b4d72f4b3bfdfd,cbd_2014_pathway:contaminant_on_plants,pathway,en
ad-hoc-checklist:taxon:30da151bf3ba5497c6b4d72f4b3bfdfd,introduced,degree of establishment,en
ad-hoc-checklist:taxon:3112354302992e3b2942412f18824a57,Eastern North America,native range,en
ad-hoc-checklist:taxon:3112354302992e3b2942412f18824a57,established,degree of establishment,en
ad-hoc-checklist:taxon:314aeef7f38b0f092d5f40fbf139df9c,Southeast Asia,native range,en
ad-hoc-checklist:taxon:314aeef7f38b0f092d5f40fbf139df9c,introduced,degree of establishment,en
ad-hoc-checklist:taxon:335232c3b360c557a5986df287dab330,Australia,native range,en
ad-hoc-checklist:taxon:34578d09afa85247cfc1d1d993e85f23,North America,native range,en
ad-hoc-checklist:taxon:34578d09afa85247cfc1d1d993e85f23,cbd_2014_pathway:escape_pet,pathway,en
ad-hoc-checklist:taxon:34578d09afa85247cfc1d1d993e85f23,cbd_2014_pathway:release_other,pathway,en
ad-hoc-checklist:taxon:34578d09afa85247cfc1d1d993e85f23,introduced,degree of establishment,en
ad-hoc-checklist:taxon:36180715bd5c03110cb4a4c0f46af524,Africa (WGSRPD:2),native range,en
ad-hoc-checklist:taxon:36180715bd5c03110cb4a4c0f46af524,cbd_2014_pathway:contaminant_timber,pathway,en
ad-hoc-checklist:taxon:36180715bd5c03110cb4a4c0f46af524,introduced,degree of establishment,en
ad-hoc-checklist:taxon:385364b6232734897633a95d3830a630,North America,native range,en
ad-hoc-checklist:taxon:385364b6232734897633a95d3830a630,cbd_2014_pathway:escape_fur_farm,pathway,en
ad-hoc-checklist:taxon:385364b6232734897633a95d3830a630,cbd_2014_pathway:unaided_natural_dispersal,pathway,en
ad-hoc-checklist:taxon:385364b6232734897633a95d3830a630,introduced,degree of establishment,en
ad-hoc-checklist:taxon:3915fd185e789f039c7d2f648d712dbb,cbd_2014_pathway:contaminant_on_plants,pathway,en
ad-hoc-checklist:taxon:3b00b08242070ade93b08f0874f23812,Macaronesia,native range,en
ad-hoc-checklist:taxon:3b00b08242070ade93b08f0874f23812,introduced,degree of establishment,en
ad-hoc-checklist:taxon:3ccc27578f179093c30542a99baca746,Southern America (WGSRPD:8),native range,en
ad-hoc-checklist:taxon:3ccc27578f179093c30542a99baca746,cbd_2014_pathway:escape_pet,pathway,en
ad-hoc-checklist:taxon:3ccc27578f179093c30542a99baca746,cbd_2014_pathway:release_other,pathway,en
ad-hoc-checklist:taxon:3ccc27578f179093c30542a99baca746,introduced,degree of establishment,en
ad-hoc-checklist:taxon:3e2f6f1a9a929a4661c726f0e0ba821f,"Northern Africa, Southern Europe To Turkey",native range,en
ad-hoc-checklist:taxon:3e2f6f1a9a929a4661c726f0e0ba821f,introduced,degree of establishment,en
ad-hoc-checklist:taxon:3f214edea69087bb1b9ea689b6fe91bc,North America,native range,en
ad-hoc-checklist:taxon:3f214edea69087bb1b9ea689b6fe91bc,cbd_2014_pathway:escape_pet,pathway,en
ad-hoc-checklist:taxon:3f214edea69087bb1b9ea689b6fe91bc,cbd_2014_pathway:release_other,pathway,en
ad-hoc-checklist:taxon:3f214edea69087bb1b9ea689b6fe91bc,introduced,degree of establishment,en
ad-hoc-checklist:taxon:4034d15d25704640fbd47e492335f4f1,Asia,native range,en
ad-hoc-checklist:taxon:4034d15d25704640fbd47e492335f4f1,cbd_2014_pathway:contaminant_on_plants,pathway,en
ad-hoc-checklist:taxon:4034d15d25704640fbd47e492335f4f1,introduced,degree of establishment,en
ad-hoc-checklist:taxon:41c58b038b49ee40c38efb46e5624186,Asia,native range,en
ad-hoc-checklist:taxon:41c58b038b49ee40c38efb46e5624186,cbd_2014_pathway:escape_pet,pathway,en
ad-hoc-checklist:taxon:41c58b038b49ee40c38efb46e5624186,cbd_2014_pathway:release_other,pathway,en
ad-hoc-checklist:taxon:41c58b038b49ee40c38efb46e5624186,introduced,degree of establishment,en
ad-hoc-checklist:taxon:43bd6596833aafe9e43b7301eb64318d,Europe And Africa,native range,en
ad-hoc-checklist:taxon:43bd6596833aafe9e43b7301eb64318d,cbd_2014_pathway:stowaway_other,pathway,en
ad-hoc-checklist:taxon:43bd6596833aafe9e43b7301eb64318d,introduced,degree of establishment,en
ad-hoc-checklist:taxon:4415043d96d97342c001e05db58323cd,Nam,native range,en
ad-hoc-checklist:taxon:4415043d96d97342c001e05db58323cd,cbd_2014_pathway:stowaway_ballast_water,pathway,en
ad-hoc-checklist:taxon:4415043d96d97342c001e05db58323cd,introduced,degree of establishment,en
ad-hoc-checklist:taxon:4573993d9f1c11852bbf3ec29b34e066,cbd_2014_pathway:contaminant_animal_parasite,pathway,en
ad-hoc-checklist:taxon:468abc4fa7be8283dfdabafc557755f4,North America,native range,en
ad-hoc-checklist:taxon:468abc4fa7be8283dfdabafc557755f4,cbd_2014_pathway:escape_pet,pathway,en
ad-hoc-checklist:taxon:468abc4fa7be8283dfdabafc557755f4,cbd_2014_pathway:release_other,pathway,en
ad-hoc-checklist:taxon:468abc4fa7be8283dfdabafc557755f4,introduced,degree of establishment,en
ad-hoc-checklist:taxon:46f75db2bfca28104a610984172f1d16,Cosmopolitan,native range,en
ad-hoc-checklist:taxon:46f75db2bfca28104a610984172f1d16,introduced,degree of establishment,en
ad-hoc-checklist:taxon:49813a076dc711cfc7346904890e425f,cbd_2014_pathway:escape_zoo,pathway,en
ad-hoc-checklist:taxon:49813a076dc711cfc7346904890e425f,cbd_2014_pathway:escape_pet,pathway,en
ad-hoc-checklist:taxon:49813a076dc711cfc7346904890e425f,established,degree of establishment,en
ad-hoc-checklist:taxon:4a32eb37dd44f83925f95e39ee2da0a0,"Europe, Africa And Asia",native range,en
ad-hoc-checklist:taxon:4a32eb37dd44f83925f95e39ee2da0a0,cbd_2014_pathway:escape_pet,pathway,en
ad-hoc-checklist:taxon:4a32eb37dd44f83925f95e39ee2da0a0,cbd_2014_pathway:release_other,pathway,en
ad-hoc-checklist:taxon:4a32eb37dd44f83925f95e39ee2da0a0,introduced,degree of establishment,en
ad-hoc-checklist:taxon:4b23e4280a7112e321b5036cef1abbf9,Europe (WGSRPD:1),native range,en
ad-hoc-checklist:taxon:4b23e4280a7112e321b5036cef1abbf9,cbd_2014_pathway:contaminant_timber,pathway,en
ad-hoc-checklist:taxon:4b23e4280a7112e321b5036cef1abbf9,introduced,degree of establishment,en
ad-hoc-checklist:taxon:4b5e8c4fe00adae4e59033c31cad9612,Australia,native range,en
ad-hoc-checklist:taxon:4b5e8c4fe00adae4e59033c31cad9612,cbd_2014_pathway:release_biological_control,pathway,en
ad-hoc-checklist:taxon:4b5e8c4fe00adae4e59033c31cad9612,introduced,degree of establishment,en
ad-hoc-checklist:taxon:4bac617a7274fd47658738252f1ba1dc,Australia,native range,en
ad-hoc-checklist:taxon:4bac617a7274fd47658738252f1ba1dc,cbd_2014_pathway:release_biological_control,pathway,en
ad-hoc-checklist:taxon:4bac617a7274fd47658738252f1ba1dc,introduced,degree of establishment,en
ad-hoc-checklist:taxon:4bdd5c000296901bd78781f759635b16,Costa Rica (WGSRPD:80_COS),native range,en
ad-hoc-checklist:taxon:4bdd5c000296901bd78781f759635b16,cbd_2014_pathway:stowaway_container,pathway,en
ad-hoc-checklist:taxon:4bdd5c000296901bd78781f759635b16,introduced,degree of establishment,en
ad-hoc-checklist:taxon:4d096393b182afbaaf5a78eb88da67a0,Africa (WGSRPD:2),native range,en
ad-hoc-checklist:taxon:4d096393b182afbaaf5a78eb88da67a0,cbd_2014_pathway:stowaway_container,pathway,en
ad-hoc-checklist:taxon:4d096393b182afbaaf5a78eb88da67a0,introduced,degree of establishment,en
ad-hoc-checklist:taxon:4ecaec0a097b02c5768d571227e9f48f,Africa (WGSRPD:2),native range,en
ad-hoc-checklist:taxon:4ecaec0a097b02c5768d571227e9f48f,cbd_2014_pathway:escape_pet,pathway,en
ad-hoc-checklist:taxon:4ecaec0a097b02c5768d571227e9f48f,cbd_2014_pathway:release_other,pathway,en
ad-hoc-checklist:taxon:4ecaec0a097b02c5768d571227e9f48f,introduced,degree of establishment,en
ad-hoc-checklist:taxon:4edb32d40c8a14a2e86435dbc9a756e0,Asia,native range,en
ad-hoc-checklist:taxon:4edb32d40c8a14a2e86435dbc9a756e0,cbd_2014_pathway:stowaway_other,pathway,en
ad-hoc-checklist:taxon:4edb32d40c8a14a2e86435dbc9a756e0,established,degree of establishment,en
ad-hoc-checklist:taxon:4f2d6245c6b2a3ef82b1c29080ac3902,Cosmopolitan,native range,en
ad-hoc-checklist:taxon:4f2d6245c6b2a3ef82b1c29080ac3902,established,degree of establishment,en
ad-hoc-checklist:taxon:508326799a9dbe6daceb5003f1ccc8b3,Southern Africa,native range,en
ad-hoc-checklist:taxon:508326799a9dbe6daceb5003f1ccc8b3,cbd_2014_pathway:contaminant_on_plants,pathway,en
ad-hoc-checklist:taxon:508326799a9dbe6daceb5003f1ccc8b3,introduced,degree of establishment,en
ad-hoc-checklist:taxon:5083ba47ebf4a2aeb5fbebd0f816b379,Mallorca,native range,en
ad-hoc-checklist:taxon:5083ba47ebf4a2aeb5fbebd0f816b379,cbd_2014_pathway:contaminant_on_plants,pathway,en
ad-hoc-checklist:taxon:5083ba47ebf4a2aeb5fbebd0f816b379,introduced,degree of establishment,en
ad-hoc-checklist:taxon:51c001f265c9a71e54b3560f72b04361,Middle East And Central Asia,native range,en
ad-hoc-checklist:taxon:51c001f265c9a71e54b3560f72b04361,cbd_2014_pathway:stowaway_container,pathway,en
ad-hoc-checklist:taxon:51c001f265c9a71e54b3560f72b04361,introduced,degree of establishment,en
ad-hoc-checklist:taxon:524c058deae407e21758048d3d4149fa,Southern Europe,native range,en
ad-hoc-checklist:taxon:524c058deae407e21758048d3d4149fa,cbd_2014_pathway:stowaway_container,pathway,en
ad-hoc-checklist:taxon:524c058deae407e21758048d3d4149fa,established,degree of establishment,en
ad-hoc-checklist:taxon:53247b99117567521a949d8026e735b4,cbd_2014_pathway:contaminant_on_plants,pathway,en
ad-hoc-checklist:taxon:5479610d1ff3a0ebc7691ff3f817062b,Australia,native range,en
ad-hoc-checklist:taxon:5479610d1ff3a0ebc7691ff3f817062b,cbd_2014_pathway:escape_pet,pathway,en
ad-hoc-checklist:taxon:5479610d1ff3a0ebc7691ff3f817062b,cbd_2014_pathway:release_other,pathway,en
ad-hoc-checklist:taxon:5479610d1ff3a0ebc7691ff3f817062b,introduced,degree of establishment,en
ad-hoc-checklist:taxon:5514e5142190e82ca5a79eeec8b18442,Madagascar,native range,en
ad-hoc-checklist:taxon:5514e5142190e82ca5a79eeec8b18442,cbd_2014_pathway:escape_pet,pathway,en
ad-hoc-checklist:taxon:5514e5142190e82ca5a79eeec8b18442,cbd_2014_pathway:release_other,pathway,en
ad-hoc-checklist:taxon:5514e5142190e82ca5a79eeec8b18442,introduced,degree of establishment,en
ad-hoc-checklist:taxon:57d6dec70a1a1b277dd49d9da6b669aa,cbd_2014_pathway:escape_pet,pathway,en
ad-hoc-checklist:taxon:57d6dec70a1a1b277dd49d9da6b669aa,introduced,degree of establishment,en
ad-hoc-checklist:taxon:58e54c752ab1a10d28157e225f283408,Central America (WGSRPD:80),native range,en
ad-hoc-checklist:taxon:58e54c752ab1a10d28157e225f283408,cbd_2014_pathway:escape_pet,pathway,en
ad-hoc-checklist:taxon:58e54c752ab1a10d28157e225f283408,cbd_2014_pathway:release_other,pathway,en
ad-hoc-checklist:taxon:58e54c752ab1a10d28157e225f283408,introduced,degree of establishment,en
ad-hoc-checklist:taxon:59464973fe73bb7ce6c6f41b8db2c469,North America,native range,en
ad-hoc-checklist:taxon:59464973fe73bb7ce6c6f41b8db2c469,cbd_2014_pathway:escape_pet,pathway,en
ad-hoc-checklist:taxon:59464973fe73bb7ce6c6f41b8db2c469,cbd_2014_pathway:release_other,pathway,en
ad-hoc-checklist:taxon:59464973fe73bb7ce6c6f41b8db2c469,introduced,degree of establishment,en
ad-hoc-checklist:taxon:5af88cdec41200398f311e61bb98a333,Southern Asia,native range,en
ad-hoc-checklist:taxon:5af88cdec41200398f311e61bb98a333,cbd_2014_pathway:contaminant_animal_parasite,pathway,en
ad-hoc-checklist:taxon:5af88cdec41200398f311e61bb98a333,established,degree of establishment,en
ad-hoc-checklist:taxon:5bc276d3137bc16f629b43e251aa6675,Central And South America,native range,en
ad-hoc-checklist:taxon:5bc276d3137bc16f629b43e251aa6675,cbd_2014_pathway:escape_pet,pathway,en
ad-hoc-checklist:taxon:5bc276d3137bc16f629b43e251aa6675,cbd_2014_pathway:release_other,pathway,en
ad-hoc-checklist:taxon:5bc276d3137bc16f629b43e251aa6675,introduced,degree of establishment,en
ad-hoc-checklist:taxon:5d54247062aa163fc4eb4788d4d23ad9,established,degree of establishment,en
ad-hoc-checklist:taxon:5e110f7f024e5d2f10cb3fd231765bb1,Asia,native range,en
ad-hoc-checklist:taxon:5e110f7f024e5d2f10cb3fd231765bb1,cbd_2014_pathway:escape_zoo,pathway,en
ad-hoc-checklist:taxon:5e110f7f024e5d2f10cb3fd231765bb1,cbd_2014_pathway:escape_pet,pathway,en
ad-hoc-checklist:taxon:5e110f7f024e5d2f10cb3fd231765bb1,established,degree of establishment,en
ad-hoc-checklist:taxon:5e30dba61a767805af5a5cfca4609e3c,Australia,native range,en
ad-hoc-checklist:taxon:5e30dba61a767805af5a5cfca4609e3c,cbd_2014_pathway:escape_pet,pathway,en
ad-hoc-checklist:taxon:5e30dba61a767805af5a5cfca4609e3c,cbd_2014_pathway:release_other,pathway,en
ad-hoc-checklist:taxon:5e30dba61a767805af5a5cfca4609e3c,introduced,degree of establishment,en
ad-hoc-checklist:taxon:5f4c8aad83dea48eb1aadf0ac0b2bd08,Europe (WGSRPD:1),native range,en
ad-hoc-checklist:taxon:5f4c8aad83dea48eb1aadf0ac0b2bd08,cbd_2014_pathway:escape_pet,pathway,en
ad-hoc-checklist:taxon:5f4c8aad83dea48eb1aadf0ac0b2bd08,cbd_2014_pathway:release_other,pathway,en
ad-hoc-checklist:taxon:5f4c8aad83dea48eb1aadf0ac0b2bd08,introduced,degree of establishment,en
ad-hoc-checklist:taxon:615867d3e0f187d9543e375733aa2483,North America,native range,en
ad-hoc-checklist:taxon:615867d3e0f187d9543e375733aa2483,cbd_2014_pathway:stowaway_other,pathway,en
ad-hoc-checklist:taxon:615867d3e0f187d9543e375733aa2483,introduced,degree of establishment,en
ad-hoc-checklist:taxon:619409b42139334b2517e7b7f3024b48,Europe (WGSRPD:1),native range,en
ad-hoc-checklist:taxon:619409b42139334b2517e7b7f3024b48,cbd_2014_pathway:contaminant_timber,pathway,en
ad-hoc-checklist:taxon:6216e4d9dc3ae7a225e69e9d93d7984d,Europe To Northern Africa,native range,en
ad-hoc-checklist:taxon:6216e4d9dc3ae7a225e69e9d93d7984d,established,degree of establishment,en
ad-hoc-checklist:taxon:62d1568b524d9f9cb99dfcecf9bf2b15,Cosmopolitan,native range,en
ad-hoc-checklist:taxon:62d1568b524d9f9cb99dfcecf9bf2b15,introduced,degree of establishment,en
ad-hoc-checklist:taxon:64432319aeb1c56c7f337e0985555fbc,New Zealand (WGSRPD:51),native range,en
ad-hoc-checklist:taxon:64432319aeb1c56c7f337e0985555fbc,introduced,degree of establishment,en
ad-hoc-checklist:taxon:688173963b84810187d7b83e39b2eaf4,North America,native range,en
ad-hoc-checklist:taxon:688173963b84810187d7b83e39b2eaf4,cbd_2014_pathway:escape_pet,pathway,en
ad-hoc-checklist:taxon:688173963b84810187d7b83e39b2eaf4,cbd_2014_pathway:release_other,pathway,en
ad-hoc-checklist:taxon:688173963b84810187d7b83e39b2eaf4,introduced,degree of establishment,en
ad-hoc-checklist:taxon:699905a4bec8de2d677240f1ba1ab73c,Mediterranean,native range,en
ad-hoc-checklist:taxon:69c04e84e8c6abc981ad1c57068556cb,Africa (WGSRPD:2),native range,en
ad-hoc-checklist:taxon:69c04e84e8c6abc981ad1c57068556cb,cbd_2014_pathway:escape_research,pathway,en
ad-hoc-checklist:taxon:69c04e84e8c6abc981ad1c57068556cb,introduced,degree of establishment,en
ad-hoc-checklist:taxon:69e7b4c6116f93ea9122a68edc53bc4e,cbd_2014_pathway:contaminant_nursery,pathway,en
ad-hoc-checklist:taxon:69e7b4c6116f93ea9122a68edc53bc4e,introduced,degree of establishment,en
ad-hoc-checklist:taxon:6ace4f4bb6441dcd4d979df6325d1892,Cosmopolitan,native range,en
ad-hoc-checklist:taxon:6ace4f4bb6441dcd4d979df6325d1892,introduced,degree of establishment,en
ad-hoc-checklist:taxon:6b55ee7cd04dbbc71b04f89d78270b35,Africa (WGSRPD:2),native range,en
ad-hoc-checklist:taxon:6b55ee7cd04dbbc71b04f89d78270b35,cbd_2014_pathway:stowaway_container,pathway,en
ad-hoc-checklist:taxon:6b55ee7cd04dbbc71b04f89d78270b35,introduced,degree of establishment,en
ad-hoc-checklist:taxon:6c1816c0602c00c997f8a5c2e122f794,established,degree of establishment,en
ad-hoc-checklist:taxon:6c4815cf6cffb1dc157c0eff5c4b4bb4,Europe (WGSRPD:1),native range,en
ad-hoc-checklist:taxon:6c4815cf6cffb1dc157c0eff5c4b4bb4,cbd_2014_pathway:stowaway_other,pathway,en
ad-hoc-checklist:taxon:6c4815cf6cffb1dc157c0eff5c4b4bb4,introduced,degree of establishment,en
ad-hoc-checklist:taxon:6e03c46a977ea6811bbca90d01a92bb6,cbd_2014_pathway:unknown,pathway,en
ad-hoc-checklist:taxon:6e03c46a977ea6811bbca90d01a92bb6,introduced,degree of establishment,en
ad-hoc-checklist:taxon:707a067a21bc7b940940d58534893425,Probably Native To North America Only,native range,en
ad-hoc-checklist:taxon:707a067a21bc7b940940d58534893425,cbd_2014_pathway:stowaway_container,pathway,en
ad-hoc-checklist:taxon:707a067a21bc7b940940d58534893425,introduced,degree of establishment,en
ad-hoc-checklist:taxon:718ac229a5940fb707b108c5e188dfcb,Indo-Pacific,native range,en
ad-hoc-checklist:taxon:718ac229a5940fb707b108c5e188dfcb,cbd_2014_pathway:escape_pet,pathway,en
ad-hoc-checklist:taxon:719161a196f8f1ebf2d83912e20d210d,"Canada To Peru, Caribbean",native range,en
ad-hoc-checklist:taxon:719161a196f8f1ebf2d83912e20d210d,introduced,degree of establishment,en
ad-hoc-checklist:taxon:71f36fb35748959ca2792f88bed8f23c,Americas,native range,en
ad-hoc-checklist:taxon:71f36fb35748959ca2792f88bed8f23c,cbd_2014_pathway:escape_pet,pathway,en
ad-hoc-checklist:taxon:71f36fb35748959ca2792f88bed8f23c,cbd_2014_pathway:release_other,pathway,en
ad-hoc-checklist:taxon:71f36fb35748959ca2792f88bed8f23c,introduced,degree of establishment,en
ad-hoc-checklist:taxon:73b5add7de9b055b15905ae42e47637a,"North, Central And South America",native range,en
ad-hoc-checklist:taxon:73b5add7de9b055b15905ae42e47637a,introduced,degree of establishment,en
ad-hoc-checklist:taxon:73ea2c71df8bc15f9173f693e5197a82,Europe (WGSRPD:1),native range,en
ad-hoc-checklist:taxon:73ea2c71df8bc15f9173f693e5197a82,introduced,degree of establishment,en
ad-hoc-checklist:taxon:7436a78b866499d58324df221e4ec344,"Macaronesia, Europe, North Africa To Turkey, Caucasus, Turkmenistan, Iran",native range,en
ad-hoc-checklist:taxon:7436a78b866499d58324df221e4ec344,established,degree of establishment,en
ad-hoc-checklist:taxon:74b25254434e727a0212512792e97d52,North America,native range,en
ad-hoc-checklist:taxon:74b25254434e727a0212512792e97d52,cbd_2014_pathway:escape_pet,pathway,en
ad-hoc-checklist:taxon:74b25254434e727a0212512792e97d52,cbd_2014_pathway:release_other,pathway,en
ad-hoc-checklist:taxon:74b25254434e727a0212512792e97d52,introduced,degree of establishment,en
ad-hoc-checklist:taxon:75989a27ab8b5bb055f8eaa4bddbc6bd,established,degree of establishment,en
ad-hoc-checklist:taxon:766bd661f426861a72e3bcf41913cdbb,established,degree of establishment,en
ad-hoc-checklist:taxon:7755fc64fafe2f680dc851e927acec8e,"Europe, Asia",native range,en
ad-hoc-checklist:taxon:7755fc64fafe2f680dc851e927acec8e,introduced,degree of establishment,en
ad-hoc-checklist:taxon:77cc867ef34c63c9cfbd93b7ec4c5798,North America,native range,en
ad-hoc-checklist:taxon:77cc867ef34c63c9cfbd93b7ec4c5798,established,degree of establishment,en
ad-hoc-checklist:taxon:77ccd0407b41a5dde7f2a574433a2d4b,cbd_2014_pathway:contaminant_on_plants,pathway,en
ad-hoc-checklist:taxon:797b7793e700846ab8f407d68e6ea06a,Near East,native range,en
ad-hoc-checklist:taxon:797b7793e700846ab8f407d68e6ea06a,introduced,degree of establishment,en
ad-hoc-checklist:taxon:7aa6ab0e614871879791b7e776b48f82,cbd_2014_pathway:stowaway_other,pathway,en
ad-hoc-checklist:taxon:7aa6ab0e614871879791b7e776b48f82,introduced,degree of establishment,en
ad-hoc-checklist:taxon:7adb36eb57a395c0809e0b8c554c5186,Australia,native range,en
ad-hoc-checklist:taxon:7adb36eb57a395c0809e0b8c554c5186,cbd_2014_pathway:escape_pet,pathway,en
ad-hoc-checklist:taxon:7adb36eb57a395c0809e0b8c554c5186,cbd_2014_pathway:release_other,pathway,en
ad-hoc-checklist:taxon:7adb36eb57a395c0809e0b8c554c5186,introduced,degree of establishment,en
ad-hoc-checklist:taxon:7aea5e381c2a5a9594c555f1a1c5cd31,"Southern Europe, Africa, Turkey, Caucasus, Near East, Iran",native range,en
ad-hoc-checklist:taxon:7aea5e381c2a5a9594c555f1a1c5cd31,introduced,degree of establishment,en
ad-hoc-checklist:taxon:7b142018a287e0bcd4af825d5841c1fe,cbd_2014_pathway:escape_pet,pathway,en
ad-hoc-checklist:taxon:7b142018a287e0bcd4af825d5841c1fe,introduced,degree of establishment,en
ad-hoc-checklist:taxon:7c135fd9079e223ad0ca34d4a62d80ec,Central America (WGSRPD:80),native range,en
ad-hoc-checklist:taxon:7c135fd9079e223ad0ca34d4a62d80ec,introduced,degree of establishment,en
ad-hoc-checklist:taxon:7c9104fee9ebf9aec00717959e423e75,Asia,native range,en
ad-hoc-checklist:taxon:7c9104fee9ebf9aec00717959e423e75,cbd_2014_pathway:escape_pet,pathway,en
ad-hoc-checklist:taxon:7c9104fee9ebf9aec00717959e423e75,established,degree of establishment,en
ad-hoc-checklist:taxon:7cc09d9ea9111f118d55552bf28c7342,North America,native range,en
ad-hoc-checklist:taxon:7cc09d9ea9111f118d55552bf28c7342,cbd_2014_pathway:contaminant_animal_parasite,pathway,en
ad-hoc-checklist:taxon:7da4576fcbf87e1642f69d1a258f65e0,Southern America (WGSRPD:8),native range,en
ad-hoc-checklist:taxon:7e36f4d687be5db219fbfe1840caabad,Africa (WGSRPD:2),native range,en
ad-hoc-checklist:taxon:7e36f4d687be5db219fbfe1840caabad,cbd_2014_pathway:escape_pet,pathway,en
ad-hoc-checklist:taxon:7e36f4d687be5db219fbfe1840caabad,cbd_2014_pathway:release_other,pathway,en
ad-hoc-checklist:taxon:7e36f4d687be5db219fbfe1840caabad,introduced,degree of establishment,en
ad-hoc-checklist:taxon:7ec84fdc7a5052ad2f87d9e86518e6dd,Usa To Guatemala,native range,en
ad-hoc-checklist:taxon:7ec84fdc7a5052ad2f87d9e86518e6dd,introduced,degree of establishment,en
ad-hoc-checklist:taxon:7f4506f8410b902e2a8717c152437b4a,Southeast Asia,native range,en
ad-hoc-checklist:taxon:7f4506f8410b902e2a8717c152437b4a,cbd_2014_pathway:contaminant_habitat_material,pathway,en
ad-hoc-checklist:taxon:7f4506f8410b902e2a8717c152437b4a,introduced,degree of establishment,en
ad-hoc-checklist:taxon:7fb8eb61b344870fd5c213fb758ced9f,North America,native range,en
ad-hoc-checklist:taxon:7fb8eb61b344870fd5c213fb758ced9f,cbd_2014_pathway:escape_pet,pathway,en
ad-hoc-checklist:taxon:7fb8eb61b344870fd5c213fb758ced9f,cbd_2014_pathway:release_other,pathway,en
ad-hoc-checklist:taxon:7fb8eb61b344870fd5c213fb758ced9f,introduced,degree of establishment,en
ad-hoc-checklist:taxon:8237b409cab033b4e94b86cc7b488bdd,Southern America (WGSRPD:8),native range,en
ad-hoc-checklist:taxon:8237b409cab033b4e94b86cc7b488bdd,introduced,degree of establishment,en
ad-hoc-checklist:taxon:824311a99094a22ffbfd288d1b664042,North America,native range,en
ad-hoc-checklist:taxon:843f33e3e64980d12946fe852b4e0e1e,cbd_2014_pathway:escape_pet,pathway,en
ad-hoc-checklist:taxon:843f33e3e64980d12946fe852b4e0e1e,introduced,degree of establishment,en
ad-hoc-checklist:taxon:86691b2598f39264e9a3bd47e03a6c3b,cbd_2014_pathway:escape_pet,pathway,en
ad-hoc-checklist:taxon:86691b2598f39264e9a3bd47e03a6c3b,introduced,degree of establishment,en
ad-hoc-checklist:taxon:88478f40930aef17317c6fd3da72d85d,China (WGSRPD:36),native range,en
ad-hoc-checklist:taxon:88478f40930aef17317c6fd3da72d85d,Japan (WGSRPD:38_JAP),native range,en
ad-hoc-checklist:taxon:88478f40930aef17317c6fd3da72d85d,cbd_2014_pathway:contaminant_on_plants,pathway,en
ad-hoc-checklist:taxon:88478f40930aef17317c6fd3da72d85d,established,degree of establishment,en
ad-hoc-checklist:taxon:8873880655c02fba04991792070af84b,introduced,degree of establishment,en
ad-hoc-checklist:taxon:89bdc1862171e3030ccfe4608b733224,North America,native range,en
ad-hoc-checklist:taxon:89bdc1862171e3030ccfe4608b733224,established,degree of establishment,en
ad-hoc-checklist:taxon:8af8066994b713cf090e576eb71c0ec8,Asia,native range,en
ad-hoc-checklist:taxon:8af8066994b713cf090e576eb71c0ec8,cbd_2014_pathway:escape_pet,pathway,en
ad-hoc-checklist:taxon:8af8066994b713cf090e576eb71c0ec8,cbd_2014_pathway:release_other,pathway,en
ad-hoc-checklist:taxon:8af8066994b713cf090e576eb71c0ec8,established,degree of establishment,en
ad-hoc-checklist:taxon:8c25f1e6e28f072b9a462cdd61e1fa7e,Australia,native range,en
ad-hoc-checklist:taxon:8c25f1e6e28f072b9a462cdd61e1fa7e,introduced,degree of establishment,en
ad-hoc-checklist:taxon:8da36a54202d74f1e3ff0f2e53d280ed,established,degree of establishment,en
ad-hoc-checklist:taxon:8e6f5e68b5029ead23e06386a2ffe6a8,Eastern And Southeastern Mediterranean Basin,native range,en
ad-hoc-checklist:taxon:8e6f5e68b5029ead23e06386a2ffe6a8,cbd_2014_pathway:escape_pet,pathway,en
ad-hoc-checklist:taxon:8e6f5e68b5029ead23e06386a2ffe6a8,cbd_2014_pathway:release_other,pathway,en
ad-hoc-checklist:taxon:8e6f5e68b5029ead23e06386a2ffe6a8,established,degree of establishment,en
ad-hoc-checklist:taxon:9103d24bd38c199b9bfb760a140d9c22,North America,native range,en
ad-hoc-checklist:taxon:9103d24bd38c199b9bfb760a140d9c22,cbd_2014_pathway:escape_pet,pathway,en
ad-hoc-checklist:taxon:9103d24bd38c199b9bfb760a140d9c22,cbd_2014_pathway:release_other,pathway,en
ad-hoc-checklist:taxon:9103d24bd38c199b9bfb760a140d9c22,introduced,degree of establishment,en
ad-hoc-checklist:taxon:9156bb39d7c48d6c00015f10356c378a,Southern Europe,native range,en
ad-hoc-checklist:taxon:9156bb39d7c48d6c00015f10356c378a,cbd_2014_pathway:contaminant_on_animals,pathway,en
ad-hoc-checklist:taxon:9156bb39d7c48d6c00015f10356c378a,established,degree of establishment,en
ad-hoc-checklist:taxon:91d26c444cd8116edde2f0a64f553d5f,Northern Africa And Middle East,native range,en
ad-hoc-checklist:taxon:91d26c444cd8116edde2f0a64f553d5f,introduced,degree of establishment,en
ad-hoc-checklist:taxon:91ee6ec970ae60ec93cf6fe6ce65b594,introduced,degree of establishment,en
ad-hoc-checklist:taxon:93e8daa0c142afee8b7c23beaf6fd881,New Zealand (WGSRPD:51),native range,en
ad-hoc-checklist:taxon:93e8daa0c142afee8b7c23beaf6fd881,cbd_2014_pathway:stowaway,pathway,en
ad-hoc-checklist:taxon:93e8daa0c142afee8b7c23beaf6fd881,established,degree of establishment,en
ad-hoc-checklist:taxon:93f032ef550764f09f06b824bfe26168,Iberia,native range,en
ad-hoc-checklist:taxon:93f032ef550764f09f06b824bfe26168,cbd_2014_pathway:release_landscape_improvement,pathway,en
ad-hoc-checklist:taxon:93f032ef550764f09f06b824bfe26168,established,degree of establishment,en
ad-hoc-checklist:taxon:942b9af8aae3ca69d2016d7960dc6956,Eastern Asia,native range,en
ad-hoc-checklist:taxon:942b9af8aae3ca69d2016d7960dc6956,cbd_2014_pathway:escape_pet,pathway,en
ad-hoc-checklist:taxon:942b9af8aae3ca69d2016d7960dc6956,cbd_2014_pathway:release_other,pathway,en
ad-hoc-checklist:taxon:942b9af8aae3ca69d2016d7960dc6956,introduced,degree of establishment,en
ad-hoc-checklist:taxon:94cdbbb3e684874566729d8941de618b,North America,native range,en
ad-hoc-checklist:taxon:94cdbbb3e684874566729d8941de618b,cbd_2014_pathway:contaminant_timber,pathway,en
ad-hoc-checklist:taxon:94cdbbb3e684874566729d8941de618b,introduced,degree of establishment,en
ad-hoc-checklist:taxon:96d88ef770349c9178c4740fa6238967,cbd_2014_pathway:contaminant_on_plants,pathway,en
ad-hoc-checklist:taxon:97e0c3c6761da310202ce679ffb02f0e,Europe (WGSRPD:1),native range,en
ad-hoc-checklist:taxon:97e0c3c6761da310202ce679ffb02f0e,cbd_2014_pathway:release_landscape_improvement,pathway,en
ad-hoc-checklist:taxon:97e0c3c6761da310202ce679ffb02f0e,cbd_2014_pathway:release_conservation,pathway,en
ad-hoc-checklist:taxon:97e0c3c6761da310202ce679ffb02f0e,established,degree of establishment,en
ad-hoc-checklist:taxon:9acf4ea73c290cdcdf5226cb0867d4b3,"Europe, Africa, Yemen, Pakistan, Philippines",native range,en
ad-hoc-checklist:taxon:9acf4ea73c290cdcdf5226cb0867d4b3,established,degree of establishment,en
ad-hoc-checklist:taxon:9d7592ff737bd1147e1ddad053f61f1e,Southern America (WGSRPD:8),native range,en
ad-hoc-checklist:taxon:9d7592ff737bd1147e1ddad053f61f1e,cbd_2014_pathway:contaminant_nursery,pathway,en
ad-hoc-checklist:taxon:9d7592ff737bd1147e1ddad053f61f1e,cbd_2014_pathway:contaminant_habitat_material,pathway,en
ad-hoc-checklist:taxon:9d7592ff737bd1147e1ddad053f61f1e,established,degree of establishment,en
ad-hoc-checklist:taxon:9db3ec2b2970a36239e47538fc1c1257,Asia And Pacific Islands,native range,en
ad-hoc-checklist:taxon:9db3ec2b2970a36239e47538fc1c1257,cbd_2014_pathway:stowaway_container,pathway,en
ad-hoc-checklist:taxon:9db3ec2b2970a36239e47538fc1c1257,introduced,degree of establishment,en
ad-hoc-checklist:taxon:9e314e6a42d182ccfbd8c2d58095f852,cbd_2014_pathway:contaminant_animal_parasite,pathway,en
ad-hoc-checklist:taxon:9e314e6a42d182ccfbd8c2d58095f852,established,degree of establishment,en
ad-hoc-checklist:taxon:9eac89b53b072c9d7774bf9a9c5aeb7b,North America,native range,en
ad-hoc-checklist:taxon:9eac89b53b072c9d7774bf9a9c5aeb7b,cbd_2014_pathway:natural_dispersal,pathway,en
ad-hoc-checklist:taxon:9eac89b53b072c9d7774bf9a9c5aeb7b,established,degree of establishment,en
ad-hoc-checklist:taxon:9f818804cf4820a105305a9e87d16d64,introduced,degree of establishment,en
ad-hoc-checklist:taxon:9ff05227e4481f8f997eab5ab232e364,North America,native range,en
ad-hoc-checklist:taxon:9ff05227e4481f8f997eab5ab232e364,cbd_2014_pathway:escape_pet,pathway,en
ad-hoc-checklist:taxon:9ff05227e4481f8f997eab5ab232e364,cbd_2014_pathway:unaided_natural_dispersal,pathway,en
ad-hoc-checklist:taxon:9ff05227e4481f8f997eab5ab232e364,introduced,degree of establishment,en
ad-hoc-checklist:taxon:a014122f89fe277d61cc4da345908816,Mediterranean To Central Asia,native range,en
ad-hoc-checklist:taxon:a014122f89fe277d61cc4da345908816,introduced,degree of establishment,en
ad-hoc-checklist:taxon:a0be227e2f527ac9e9902c824c4ec6d5,Asia,native range,en
ad-hoc-checklist:taxon:a0be227e2f527ac9e9902c824c4ec6d5,cbd_2014_pathway:contaminant_animal_parasite,pathway,en
ad-hoc-checklist:taxon:a2f6659d4f35ebf54be57458b7ff1e3a,Europe And Asia,native range,en
ad-hoc-checklist:taxon:a2f6659d4f35ebf54be57458b7ff1e3a,cbd_2014_pathway:stowaway_container,pathway,en
ad-hoc-checklist:taxon:a2f6659d4f35ebf54be57458b7ff1e3a,introduced,degree of establishment,en
ad-hoc-checklist:taxon:a3bfde56eee7e6b09c5248291b4951d4,North America,native range,en
ad-hoc-checklist:taxon:a3bfde56eee7e6b09c5248291b4951d4,cbd_2014_pathway:contaminant,pathway,en
ad-hoc-checklist:taxon:a3bfde56eee7e6b09c5248291b4951d4,cbd_2014_pathway:nursery,pathway,en
ad-hoc-checklist:taxon:a3bfde56eee7e6b09c5248291b4951d4,introduced,degree of establishment,en
ad-hoc-checklist:taxon:a3d968104cbecfd22770eef8399063a1,Africa (WGSRPD:2),native range,en
ad-hoc-checklist:taxon:a4c9bbe8492ef7ef785100821f0c72ec,Australia,native range,en
ad-hoc-checklist:taxon:a4c9bbe8492ef7ef785100821f0c72ec,cbd_2014_pathway:escape_pet,pathway,en
ad-hoc-checklist:taxon:a4c9bbe8492ef7ef785100821f0c72ec,cbd_2014_pathway:release_other,pathway,en
ad-hoc-checklist:taxon:a4c9bbe8492ef7ef785100821f0c72ec,introduced,degree of establishment,en
ad-hoc-checklist:taxon:a7a02eb563154058a27537a52f4ede7d,Mediterranean To Russia,native range,en
ad-hoc-checklist:taxon:a7a02eb563154058a27537a52f4ede7d,established,degree of establishment,en
ad-hoc-checklist:taxon:a9f23462ed9b096a1d5f29fdca8d089c,established,degree of establishment,en
ad-hoc-checklist:taxon:aa90d71599ed98710da1e2c4a133e5d2,Asia,native range,en
ad-hoc-checklist:taxon:aa90d71599ed98710da1e2c4a133e5d2,cbd_2014_pathway:stowaway_other,pathway,en
ad-hoc-checklist:taxon:aa90d71599ed98710da1e2c4a133e5d2,established,degree of establishment,en
ad-hoc-checklist:taxon:aad6c377da61735b1c5461e877edf03f,Asia,native range,en
ad-hoc-checklist:taxon:aad6c377da61735b1c5461e877edf03f,cbd_2014_pathway:escape_pet,pathway,en
ad-hoc-checklist:taxon:aad6c377da61735b1c5461e877edf03f,cbd_2014_pathway:release_other,pathway,en
ad-hoc-checklist:taxon:aad6c377da61735b1c5461e877edf03f,introduced,degree of establishment,en
ad-hoc-checklist:taxon:aca12e90b486c7ac8d79b0f1fb7eea15,Mediterranean,native range,en
ad-hoc-checklist:taxon:aca12e90b486c7ac8d79b0f1fb7eea15,introduced,degree of establishment,en
ad-hoc-checklist:taxon:ae2435f0cb469c0b102b15f171865e23,established,degree of establishment,en
ad-hoc-checklist:taxon:ae7eec3cf884d2e57367ee05dcba4684,cbd_2014_pathway:escape_pet,pathway,en
ad-hoc-checklist:taxon:ae80a81ee4f076c202e981afd3d91ce4,Southern Europe,native range,en
ad-hoc-checklist:taxon:ae80a81ee4f076c202e981afd3d91ce4,introduced,degree of establishment,en
ad-hoc-checklist:taxon:af4279693fdd1add7a08a04dc97d7848,established,degree of establishment,en
ad-hoc-checklist:taxon:af6359f8bf50c30567340c337618be96,"India, Southeast Asia To Australia, New Zealand",native range,en
ad-hoc-checklist:taxon:af6359f8bf50c30567340c337618be96,cbd_2014_pathway:stowaway_container,pathway,en
ad-hoc-checklist:taxon:af6359f8bf50c30567340c337618be96,introduced,degree of establishment,en
ad-hoc-checklist:taxon:aff6ade6b4337dc7d013ff4a68cc6844,North America,native range,en
ad-hoc-checklist:taxon:aff6ade6b4337dc7d013ff4a68cc6844,cbd_2014_pathway:escape_pet,pathway,en
ad-hoc-checklist:taxon:aff6ade6b4337dc7d013ff4a68cc6844,cbd_2014_pathway:release_other,pathway,en
ad-hoc-checklist:taxon:aff6ade6b4337dc7d013ff4a68cc6844,introduced,degree of establishment,en
ad-hoc-checklist:taxon:b11e7d0c22ce4643b57552f968a5b36c,Asia,native range,en
ad-hoc-checklist:taxon:b11e7d0c22ce4643b57552f968a5b36c,cbd_2014_pathway:contaminant_on_plants,pathway,en
ad-hoc-checklist:taxon:b11e7d0c22ce4643b57552f968a5b36c,introduced,degree of establishment,en
ad-hoc-checklist:taxon:b151e5839b2b692e8d1a0dc3cf0ae6ca,cbd_2014_pathway:escape_pet,pathway,en
ad-hoc-checklist:taxon:b1dc326d2ca46f89ddf3f841a1c4a108,Southern America (WGSRPD:8),native range,en
ad-hoc-checklist:taxon:b1dc326d2ca46f89ddf3f841a1c4a108,cbd_2014_pathway:contaminant_on_plants,pathway,en
ad-hoc-checklist:taxon:b1dc326d2ca46f89ddf3f841a1c4a108,established,degree of establishment,en
ad-hoc-checklist:taxon:b26fdc638376907d27c4ee9fbb486795,cbd_2014_pathway:escape_pet,pathway,en
ad-hoc-checklist:taxon:b26fdc638376907d27c4ee9fbb486795,introduced,degree of establishment,en
ad-hoc-checklist:taxon:b303ff59fd9219ebb30b25b2be2f5c7f,Cosmopolitan,native range,en
ad-hoc-checklist:taxon:b303ff59fd9219ebb30b25b2be2f5c7f,established,degree of establishment,en
ad-hoc-checklist:taxon:b3937580b3480bf2a7fb31d1264dd868,Central And South America,native range,en
ad-hoc-checklist:taxon:b3937580b3480bf2a7fb31d1264dd868,cbd_2014_pathway:escape_pet,pathway,en
ad-hoc-checklist:taxon:b3937580b3480bf2a7fb31d1264dd868,cbd_2014_pathway:release_other,pathway,en
ad-hoc-checklist:taxon:b3937580b3480bf2a7fb31d1264dd868,introduced,degree of establishment,en
ad-hoc-checklist:taxon:b4cf0aba64bc041909012c9a9f30af50,"Macaronesia, North Africa, Europe, Turkey, Caucasus, Near East, Kazakhstan",native range,en
ad-hoc-checklist:taxon:b4cf0aba64bc041909012c9a9f30af50,established,degree of establishment,en
ad-hoc-checklist:taxon:b577f19eaa5a4484840ef9e20b483b77,cbd_2014_pathway:release_hunting,pathway,en
ad-hoc-checklist:taxon:b6bf32ff95c447d093d9eb83b35e9698,Asia,native range,en
ad-hoc-checklist:taxon:b6bf32ff95c447d093d9eb83b35e9698,cbd_2014_pathway:stowaway_container,pathway,en
ad-hoc-checklist:taxon:b6bf32ff95c447d093d9eb83b35e9698,introduced,degree of establishment,en
ad-hoc-checklist:taxon:b8eafdd47eb96660ec502f97130150c7,cbd_2014_pathway:contaminant_nursery,pathway,en
ad-hoc-checklist:taxon:b8eafdd47eb96660ec502f97130150c7,introduced,degree of establishment,en
ad-hoc-checklist:taxon:b9d94142fc7c7d6afec33a094c166798,Australia,native range,en
ad-hoc-checklist:taxon:b9d94142fc7c7d6afec33a094c166798,cbd_2014_pathway:release_biological_control,pathway,en
ad-hoc-checklist:taxon:b9d94142fc7c7d6afec33a094c166798,introduced,degree of establishment,en
ad-hoc-checklist:taxon:ba1598720717ed0f2c48f4c5cd4ae03e,established,degree of establishment,en
ad-hoc-checklist:taxon:ba1a355a9291fa639987093f37a520dc,"Egypt, Ethiopia, Kenya, Uganda, Rwanda",native range,en
ad-hoc-checklist:taxon:ba1a355a9291fa639987093f37a520dc,introduced,degree of establishment,en
ad-hoc-checklist:taxon:ba1a6ff5168cf2fd8377f78c2bc0bba7,cbd_2014_pathway:contaminant_on_plants,pathway,en
ad-hoc-checklist:taxon:baa07d3d85472a0bd2764ace88c43d82,"Europe, Asia",native range,en
ad-hoc-checklist:taxon:baa07d3d85472a0bd2764ace88c43d82,cbd_2014_pathway:escape_pet,pathway,en
ad-hoc-checklist:taxon:baa07d3d85472a0bd2764ace88c43d82,cbd_2014_pathway:release_other,pathway,en
ad-hoc-checklist:taxon:baa07d3d85472a0bd2764ace88c43d82,introduced,degree of establishment,en
ad-hoc-checklist:taxon:bb4d2c2b43952801e5ee4aa52fdef223,Europe (WGSRPD:1),native range,en
ad-hoc-checklist:taxon:bb4d2c2b43952801e5ee4aa52fdef223,cbd_2014_pathway:escape_pet,pathway,en
ad-hoc-checklist:taxon:bb4d2c2b43952801e5ee4aa52fdef223,cbd_2014_pathway:release_other,pathway,en
ad-hoc-checklist:taxon:bb4d2c2b43952801e5ee4aa52fdef223,introduced,degree of establishment,en
ad-hoc-checklist:taxon:bd2aa8e750928f3328aadc139fd9468c,Mediterranean & Portugal,native range,en
ad-hoc-checklist:taxon:bd2aa8e750928f3328aadc139fd9468c,introduced,degree of establishment,en
ad-hoc-checklist:taxon:be96cf04947663eb0bf8776e9773b75a,"Europe, North Africa To Near East, Turkey, Caucasus, Russia To Central Asia, Iran, Afghanistan, China, Mongolia, Korea",native range,en
ad-hoc-checklist:taxon:be96cf04947663eb0bf8776e9773b75a,introduced,degree of establishment,en
ad-hoc-checklist:taxon:bf2792a884b3220f132d1e16ec6480b3,Eastern Africa,native range,en
ad-hoc-checklist:taxon:bf2792a884b3220f132d1e16ec6480b3,cbd_2014_pathway:stowaway_other,pathway,en
ad-hoc-checklist:taxon:bf2792a884b3220f132d1e16ec6480b3,introduced,degree of establishment,en
ad-hoc-checklist:taxon:bf5830921f091ece6e0bddf486329fe1,North Pacific Ocean,native range,en
ad-hoc-checklist:taxon:bfcc3b0818bbb98a7b2ee4e54116386c,North America,native range,en
ad-hoc-checklist:taxon:bfcc3b0818bbb98a7b2ee4e54116386c,cbd_2014_pathway:escape_pet,pathway,en
ad-hoc-checklist:taxon:bfcc3b0818bbb98a7b2ee4e54116386c,cbd_2014_pathway:release_other,pathway,en
ad-hoc-checklist:taxon:bfcc3b0818bbb98a7b2ee4e54116386c,introduced,degree of establishment,en
ad-hoc-checklist:taxon:c0c9cd1c21da4c817adb6003f8bb5bd7,Southern Europe,native range,en
ad-hoc-checklist:taxon:c0c9cd1c21da4c817adb6003f8bb5bd7,cbd_2014_pathway:release_landscape_improvement,pathway,en
ad-hoc-checklist:taxon:c0c9cd1c21da4c817adb6003f8bb5bd7,cbd_2014_pathway:escape_pet,pathway,en
ad-hoc-checklist:taxon:c0c9cd1c21da4c817adb6003f8bb5bd7,introduced,degree of establishment,en
ad-hoc-checklist:taxon:c2752e3916719b68c39881698c8dd712,Asia,native range,en
ad-hoc-checklist:taxon:c2752e3916719b68c39881698c8dd712,cbd_2014_pathway:stowaway_other,pathway,en
ad-hoc-checklist:taxon:c2752e3916719b68c39881698c8dd712,introduced,degree of establishment,en
ad-hoc-checklist:taxon:c53ba30dc2319c9f31d074420251f777,North America,native range,en
ad-hoc-checklist:taxon:c53ba30dc2319c9f31d074420251f777,cbd_2014_pathway:escape_pet,pathway,en
ad-hoc-checklist:taxon:c53ba30dc2319c9f31d074420251f777,cbd_2014_pathway:release_other,pathway,en
ad-hoc-checklist:taxon:c53ba30dc2319c9f31d074420251f777,introduced,degree of establishment,en
ad-hoc-checklist:taxon:c57c222eb4233fdf9a1e6a215daa3f8f,Eastern Asia,native range,en
ad-hoc-checklist:taxon:c57c222eb4233fdf9a1e6a215daa3f8f,cbd_2014_pathway:stowaway,pathway,en
ad-hoc-checklist:taxon:c57c222eb4233fdf9a1e6a215daa3f8f,introduced,degree of establishment,en
ad-hoc-checklist:taxon:c5cfa3fad2fb039f7dd06671f467b053,Tasmania (WGSRPD:50_TAS),native range,en
ad-hoc-checklist:taxon:c5cfa3fad2fb039f7dd06671f467b053,introduced,degree of establishment,en
ad-hoc-checklist:taxon:c7652f8a4bd180288dd7bb0339fb3532,established,degree of establishment,en
ad-hoc-checklist:taxon:c853660656a6faf1dbf25b120a37fb69,Asia,native range,en
ad-hoc-checklist:taxon:c853660656a6faf1dbf25b120a37fb69,cbd_2014_pathway:escape_pet,pathway,en
ad-hoc-checklist:taxon:c853660656a6faf1dbf25b120a37fb69,cbd_2014_pathway:release_other,pathway,en
ad-hoc-checklist:taxon:c853660656a6faf1dbf25b120a37fb69,introduced,degree of establishment,en
ad-hoc-checklist:taxon:c9e194d58f903091146e1893275a333c,North America,native range,en
ad-hoc-checklist:taxon:c9e194d58f903091146e1893275a333c,cbd_2014_pathway:stowaway_container,pathway,en
ad-hoc-checklist:taxon:c9e194d58f903091146e1893275a333c,introduced,degree of establishment,en
ad-hoc-checklist:taxon:cad983be370e624195cba2275c0af12e,cbd_2014_pathway:contaminant_animal_parasite,pathway,en
ad-hoc-checklist:taxon:cad983be370e624195cba2275c0af12e,established,degree of establishment,en
ad-hoc-checklist:taxon:cbdc614106cabf7593745bf917c76fb4,"Central, South America",native range,en
ad-hoc-checklist:taxon:cbdc614106cabf7593745bf917c76fb4,introduced,degree of establishment,en
ad-hoc-checklist:taxon:cd1691e4cb907d5a0ac6486f23a6917f,"Spain, Italy, North Africa",native range,en
ad-hoc-checklist:taxon:cd1691e4cb907d5a0ac6486f23a6917f,introduced,degree of establishment,en
ad-hoc-checklist:taxon:cdfc7a143e4d978cd4ca0c83d60fc43d,"Cyprus, Turkey, Middle East, Egypt, Sudan",native range,en
ad-hoc-checklist:taxon:cdfc7a143e4d978cd4ca0c83d60fc43d,cbd_2014_pathway:contaminant_food,pathway,en
ad-hoc-checklist:taxon:cdfc7a143e4d978cd4ca0c83d60fc43d,introduced,degree of establishment,en
ad-hoc-checklist:taxon:cfc9218998f1ad6c9c12da96b6629754,cbd_2014_pathway:stowaway_container,pathway,en
ad-hoc-checklist:taxon:cfc9218998f1ad6c9c12da96b6629754,introduced,degree of establishment,en
ad-hoc-checklist:taxon:d07c09e8931cd123bb0d8dc463d13e9e,All Continets Except Antarctica,native range,en
ad-hoc-checklist:taxon:d07c09e8931cd123bb0d8dc463d13e9e,cbd_2014_pathway:stowaway_container,pathway,en
ad-hoc-checklist:taxon:d07c09e8931cd123bb0d8dc463d13e9e,introduced,degree of establishment,en
ad-hoc-checklist:taxon:d22fb25d305ce32b0672c8212c8d9244,"North America, Europe, North Africa, Turkey, Israel, Caucasus, Russia (European To Far East), Central Asia, China, Korea",native range,en
ad-hoc-checklist:taxon:d22fb25d305ce32b0672c8212c8d9244,introduced,degree of establishment,en
ad-hoc-checklist:taxon:d2645a4d4627c6d21c880465db3a350a,established,degree of establishment,en
ad-hoc-checklist:taxon:d4a2b11e33a989be8eced3ee308a43ba,Asia,native range,en
ad-hoc-checklist:taxon:d4a2b11e33a989be8eced3ee308a43ba,cbd_2014_pathway:stowaway_container,pathway,en
ad-hoc-checklist:taxon:d4a2b11e33a989be8eced3ee308a43ba,introduced,degree of establishment,en
ad-hoc-checklist:taxon:d4b7adfe4d5857a15e3a05b676398888,North America,native range,en
ad-hoc-checklist:taxon:d4b7adfe4d5857a15e3a05b676398888,cbd_2014_pathway:escape_pet,pathway,en
ad-hoc-checklist:taxon:d4b7adfe4d5857a15e3a05b676398888,cbd_2014_pathway:release_other,pathway,en
ad-hoc-checklist:taxon:d4b7adfe4d5857a15e3a05b676398888,introduced,degree of establishment,en
ad-hoc-checklist:taxon:d4e4618bd9c2f81c096cb372dd78b33d,North America,native range,en
ad-hoc-checklist:taxon:d4e4618bd9c2f81c096cb372dd78b33d,cbd_2014_pathway:escape_pet,pathway,en
ad-hoc-checklist:taxon:d4e4618bd9c2f81c096cb372dd78b33d,cbd_2014_pathway:release_other,pathway,en
ad-hoc-checklist:taxon:d4e4618bd9c2f81c096cb372dd78b33d,introduced,degree of establishment,en
ad-hoc-checklist:taxon:d5d3f80372100602964cd1f8fa6265af,Southern Europe,native range,en
ad-hoc-checklist:taxon:d5d3f80372100602964cd1f8fa6265af,cbd_2014_pathway:stowaway_vehicles,pathway,en
ad-hoc-checklist:taxon:d5d3f80372100602964cd1f8fa6265af,introduced,degree of establishment,en
ad-hoc-checklist:taxon:d5fbeba170ae71d15efd3e15288de2c0,"Mediterranean, Northern Africa",native range,en
ad-hoc-checklist:taxon:d5fbeba170ae71d15efd3e15288de2c0,established,degree of establishment,en
ad-hoc-checklist:taxon:d72168ac44c60424d6781eb17fff357e,Australia,native range,en
ad-hoc-checklist:taxon:d72168ac44c60424d6781eb17fff357e,cbd_2014_pathway:escape_pet,pathway,en
ad-hoc-checklist:taxon:d72168ac44c60424d6781eb17fff357e,cbd_2014_pathway:release_other,pathway,en
ad-hoc-checklist:taxon:d72168ac44c60424d6781eb17fff357e,introduced,degree of establishment,en
ad-hoc-checklist:taxon:d91a8abaf72f10b60ce4099bd58542ce,"Brazil, Uruguay, Paraguay, Argentina",native range,en
ad-hoc-checklist:taxon:d91a8abaf72f10b60ce4099bd58542ce,introduced,degree of establishment,en
ad-hoc-checklist:taxon:d98583b9eb43e884fdb10e6db7cf0d50,Europe (WGSRPD:1),native range,en
ad-hoc-checklist:taxon:d98583b9eb43e884fdb10e6db7cf0d50,cbd_2014_pathway:escape_pet,pathway,en
ad-hoc-checklist:taxon:d98583b9eb43e884fdb10e6db7cf0d50,cbd_2014_pathway:release_other,pathway,en
ad-hoc-checklist:taxon:d98583b9eb43e884fdb10e6db7cf0d50,introduced,degree of establishment,en
ad-hoc-checklist:taxon:de77f01b3fa727eced57d3cd4899466b,Southeast Asia,native range,en
ad-hoc-checklist:taxon:de77f01b3fa727eced57d3cd4899466b,introduced,degree of establishment,en
ad-hoc-checklist:taxon:e05ab634ff279f40c68efb49a827234a,introduced,degree of establishment,en
ad-hoc-checklist:taxon:e2ebcc22f42f1657be8bd16ffcf20406,North America,native range,en
ad-hoc-checklist:taxon:e2ebcc22f42f1657be8bd16ffcf20406,cbd_2014_pathway:escape_pet,pathway,en
ad-hoc-checklist:taxon:e2ebcc22f42f1657be8bd16ffcf20406,cbd_2014_pathway:release_other,pathway,en
ad-hoc-checklist:taxon:e2ebcc22f42f1657be8bd16ffcf20406,introduced,degree of establishment,en
ad-hoc-checklist:taxon:e3183249eb168863b68db6b070f2b724,Asia,native range,en
ad-hoc-checklist:taxon:e3183249eb168863b68db6b070f2b724,cbd_2014_pathway:escape_pet,pathway,en
ad-hoc-checklist:taxon:e3183249eb168863b68db6b070f2b724,cbd_2014_pathway:release_other,pathway,en
ad-hoc-checklist:taxon:e3183249eb168863b68db6b070f2b724,introduced,degree of establishment,en
ad-hoc-checklist:taxon:e34a17cad92dd24c7760578f629aba91,"Eastern Palearctic Including China, Korea, Japan",native range,en
ad-hoc-checklist:taxon:e34a17cad92dd24c7760578f629aba91,established,degree of establishment,en
ad-hoc-checklist:taxon:e36327748bb888b05956ce8b3cc92bd3,established,degree of establishment,en
ad-hoc-checklist:taxon:e4e0c83e09cbcdffaea058abdfcfb10d,North America,native range,en
ad-hoc-checklist:taxon:e4e0c83e09cbcdffaea058abdfcfb10d,cbd_2014_pathway:escape_pet,pathway,en
ad-hoc-checklist:taxon:e4e0c83e09cbcdffaea058abdfcfb10d,cbd_2014_pathway:release_other,pathway,en
ad-hoc-checklist:taxon:e4e0c83e09cbcdffaea058abdfcfb10d,introduced,degree of establishment,en
ad-hoc-checklist:taxon:e4fb7dbe7f0b6ccb043d7258b0fb764f,North America,native range,en
ad-hoc-checklist:taxon:e4fb7dbe7f0b6ccb043d7258b0fb764f,cbd_2014_pathway:contaminant_on_plants,pathway,en
ad-hoc-checklist:taxon:e4fb7dbe7f0b6ccb043d7258b0fb764f,introduced,degree of establishment,en
ad-hoc-checklist:taxon:e509231e1de49b07403711a33f421387,"Mediterranean To Turkey, Israel",native range,en
ad-hoc-checklist:taxon:e509231e1de49b07403711a33f421387,introduced,degree of establishment,en
ad-hoc-checklist:taxon:e53dcce2aa6c770d10b926c592279921,introduced,degree of establishment,en
ad-hoc-checklist:taxon:e55a4d1859bbd682ddb51b627098defe,established,degree of establishment,en
ad-hoc-checklist:taxon:e55c33cbf6cfb03b0fe0e4232fdbf68f,Asia,native range,en
ad-hoc-checklist:taxon:e55c33cbf6cfb03b0fe0e4232fdbf68f,cbd_2014_pathway:escape_pet,pathway,en
ad-hoc-checklist:taxon:e55c33cbf6cfb03b0fe0e4232fdbf68f,introduced,degree of establishment,en
ad-hoc-checklist:taxon:e6e31feacb743f390ac01dbf7d9d4070,established,degree of establishment,en
ad-hoc-checklist:taxon:e718a5157d8df94fca60e574b75e76af,Central America (WGSRPD:80),native range,en
ad-hoc-checklist:taxon:e718a5157d8df94fca60e574b75e76af,cbd_2014_pathway:escape_pet,pathway,en
ad-hoc-checklist:taxon:e718a5157d8df94fca60e574b75e76af,cbd_2014_pathway:release_other,pathway,en
ad-hoc-checklist:taxon:e718a5157d8df94fca60e574b75e76af,introduced,degree of establishment,en
ad-hoc-checklist:taxon:e7ce7d0acb022af236a990ebfa507507,Europe (WGSRPD:1),native range,en
ad-hoc-checklist:taxon:e7ce7d0acb022af236a990ebfa507507,established,degree of establishment,en
ad-hoc-checklist:taxon:e8c73cf9bebea458fb2cab945c4ea440,Canary Islands (WGSRPD:21_CNY),native range,en
ad-hoc-checklist:taxon:e8c73cf9bebea458fb2cab945c4ea440,cbd_2014_pathway:stowaway_people_luggage,pathway,en
ad-hoc-checklist:taxon:e8c73cf9bebea458fb2cab945c4ea440,introduced,degree of establishment,en
ad-hoc-checklist:taxon:e8f79cad319e753e337228a7c8305dea,Japan (WGSRPD:38_JAP),native range,en
ad-hoc-checklist:taxon:e8f79cad319e753e337228a7c8305dea,cbd_2014_pathway:contaminant_on_plants,pathway,en
ad-hoc-checklist:taxon:e8f79cad319e753e337228a7c8305dea,established,degree of establishment,en
ad-hoc-checklist:taxon:e90ab1c2346eb4d804222a191bbd39c9,Asia,native range,en
ad-hoc-checklist:taxon:e90ab1c2346eb4d804222a191bbd39c9,cbd_2014_pathway:contaminant_on_plants,pathway,en
ad-hoc-checklist:taxon:e90ab1c2346eb4d804222a191bbd39c9,introduced,degree of establishment,en
ad-hoc-checklist:taxon:e91e6ad3c7d8fc6a7ad46cf5e2920fc0,Eastern Asia (WGSRPD:38),native range,en
ad-hoc-checklist:taxon:e9e2c06c197255f5b143056274086f56,Caribbean To Brazil,native range,en
ad-hoc-checklist:taxon:e9e2c06c197255f5b143056274086f56,introduced,degree of establishment,en
ad-hoc-checklist:taxon:ea75f869bf4fef4a9b278a4cca5b17ca,cbd_2014_pathway:escape_pet,pathway,en
ad-hoc-checklist:taxon:ea75f869bf4fef4a9b278a4cca5b17ca,introduced,degree of establishment,en
ad-hoc-checklist:taxon:ea9ce2308eceec4408dc779b2c41e1b5,Southern Europe,native range,en
ad-hoc-checklist:taxon:ea9ce2308eceec4408dc779b2c41e1b5,established,degree of establishment,en
ad-hoc-checklist:taxon:eb7400f37768e5a38463282a1acfa295,Southern Europe,native range,en
ad-hoc-checklist:taxon:eb7400f37768e5a38463282a1acfa295,cbd_2014_pathway:contaminant_habitat_material,pathway,en
ad-hoc-checklist:taxon:eb7400f37768e5a38463282a1acfa295,established,degree of establishment,en
ad-hoc-checklist:taxon:ec229aaed3b70bcd59d7f94760622f76,Tropical Africa,native range,en
ad-hoc-checklist:taxon:ec229aaed3b70bcd59d7f94760622f76,introduced,degree of establishment,en
ad-hoc-checklist:taxon:ee8cf5de4b7621cecee5bbf07496278a,Africa (WGSRPD:2),native range,en
ad-hoc-checklist:taxon:ee8cf5de4b7621cecee5bbf07496278a,cbd_2014_pathway:stowaway_container,pathway,en
ad-hoc-checklist:taxon:ee8cf5de4b7621cecee5bbf07496278a,established,degree of establishment,en
ad-hoc-checklist:taxon:ef3160b26c1f70d22f528507d9946a05,Southern Europe,native range,en
ad-hoc-checklist:taxon:ef3160b26c1f70d22f528507d9946a05,introduced,degree of establishment,en
ad-hoc-checklist:taxon:efa6a6192af8fd2b5b8d4a1ea1b5f0e0,"Europe, Africa And Asia",native range,en
ad-hoc-checklist:taxon:efa6a6192af8fd2b5b8d4a1ea1b5f0e0,cbd_2014_pathway:escape_pet,pathway,en
ad-hoc-checklist:taxon:efa6a6192af8fd2b5b8d4a1ea1b5f0e0,cbd_2014_pathway:release_other,pathway,en
ad-hoc-checklist:taxon:efa6a6192af8fd2b5b8d4a1ea1b5f0e0,introduced,degree of establishment,en
ad-hoc-checklist:taxon:f071e3c4f985f734e14d7e4b72e971b9,North America,native range,en
ad-hoc-checklist:taxon:f071e3c4f985f734e14d7e4b72e971b9,cbd_2014_pathway:escape_pet,pathway,en
ad-hoc-checklist:taxon:f071e3c4f985f734e14d7e4b72e971b9,cbd_2014_pathway:release_other,pathway,en
ad-hoc-checklist:taxon:f071e3c4f985f734e14d7e4b72e971b9,introduced,degree of establishment,en
ad-hoc-checklist:taxon:f18f9214b2bf772321015ba378f1394e,introduced,degree of establishment,en
ad-hoc-checklist:taxon:f1f1a32768b381663234cafe4d2dac22,cbd_2014_pathway:escape_pet,pathway,en
ad-hoc-checklist:taxon:f1f1a32768b381663234cafe4d2dac22,established,degree of establishment,en
ad-hoc-checklist:taxon:f3ce196a13f1fce9d15cc2db9d440787,Central And South America,native range,en
ad-hoc-checklist:taxon:f3ce196a13f1fce9d15cc2db9d440787,cbd_2014_pathway:stowaway_container,pathway,en
ad-hoc-checklist:taxon:f3ce196a13f1fce9d15cc2db9d440787,introduced,degree of establishment,en
ad-hoc-checklist:taxon:f3d0959a8575a4a52c8a211e5cc47340,Europe (WGSRPD:1),native range,en
ad-hoc-checklist:taxon:f3d0959a8575a4a52c8a211e5cc47340,cbd_2014_pathway:stowaway_other,pathway,en
ad-hoc-checklist:taxon:f3d0959a8575a4a52c8a211e5cc47340,established,degree of establishment,en
ad-hoc-checklist:taxon:f43bb2ef0ffab0a3694bd861aadfa309,Middle East,native range,en
ad-hoc-checklist:taxon:f43bb2ef0ffab0a3694bd861aadfa309,cbd_2014_pathway:escape_pet,pathway,en
ad-hoc-checklist:taxon:f43bb2ef0ffab0a3694bd861aadfa309,cbd_2014_pathway:release_other,pathway,en
ad-hoc-checklist:taxon:f43bb2ef0ffab0a3694bd861aadfa309,introduced,degree of establishment,en
ad-hoc-checklist:taxon:f7271a35ec4e10840106f492b86e8bb8,North America,native range,en
ad-hoc-checklist:taxon:f781020a3bca39bc00443963330a85b4,Asia,native range,en
ad-hoc-checklist:taxon:f781020a3bca39bc00443963330a85b4,cbd_2014_pathway:unaided_natural_dispersal,pathway,en
ad-hoc-checklist:taxon:f781020a3bca39bc00443963330a85b4,introduced,degree of establishment,en
ad-hoc-checklist:taxon:f83687040e9fd51e6c9f36e397a917d7,introduced,degree of establishment,en
ad-hoc-checklist:taxon:f91b4c42b31377b277a8eb1aeef594b5,cbd_2014_pathway:escape_pet,pathway,en
ad-hoc-checklist:taxon:f91b4c42b31377b277a8eb1aeef594b5,introduced,degree of establishment,en
ad-hoc-checklist:taxon:f9c3ffbeb12488f4e53fd03493d4a64e,Eastern Asia (WGSRPD:38),native range,en
ad-hoc-checklist:taxon:fad46cc07ab3741607e5becc86770619,Asia,native range,en
ad-hoc-checklist:taxon:fad46cc07ab3741607e5becc86770619,cbd_2014_pathway:contaminant,pathway,en
ad-hoc-checklist:taxon:fad46cc07ab3741607e5becc86770619,introduced,degree of establishment,en
ad-hoc-checklist:taxon:fc0756ca816f9a52f7a98d5c26dc9b1f,"Mediterranean, Africa, India, Myanmar, China",native range,en
ad-hoc-checklist:taxon:fc0756ca816f9a52f7a98d5c26dc9b1f,introduced,degree of establishment,en
ad-hoc-checklist:taxon:fc3cffd91760b4eb06bc486d02912bf4,introduced,degree of establishment,en
ad-hoc-checklist:taxon:fd373fcdb559cd7b0c5c6099a703533f,Africa (WGSRPD:2),native range,en
ad-hoc-checklist:taxon:fd373fcdb559cd7b0c5c6099a703533f,established,degree of establishment,en
ad-hoc-checklist:taxon:fdb4e2d32ff94027329a96f5df3924bc,Southeastern Europe (WGSRPD:13),native range,en
ad-hoc-checklist:taxon:fdb4e2d32ff94027329a96f5df3924bc,cbd_2014_pathway:contaminant_on_plants,pathway,en
ad-hoc-checklist:taxon:fdb4e2d32ff94027329a96f5df3924bc,established,degree of establishment,en
ad-hoc-checklist:taxon:fde72025a042e6ed23c1302dc83114f4,Southern Europe,native range,en
ad-hoc-checklist:taxon:fde72025a042e6ed23c1302dc83114f4,cbd_2014_pathway:stowaway_vehicles,pathway,en
ad-hoc-checklist:taxon:fde72025a042e6ed23c1302dc83114f4,established,degree of establishment,en
