taxonID,locationID,locality,countryCode,occurrenceStatus,establishmentMeans,eventDate,source
ad-hoc-checklist:taxon:007b4b6cff9853744af4bac5faf03b72,ISO_3166-2:BE,Belgium,BE,present,introduced,2014-07-23/2018,"Vanderweyen A & Fraiture A (2014) Catalogue des Ustilaginales sl de Belgique. Lejeunia, Revue de Botanique."
ad-hoc-checklist:taxon:0113e8281580f229efe4a76588c63cec,ISO_3166-2:BE,Belgium,BE,present,introduced,2018/2018,
ad-hoc-checklist:taxon:02127ef216ec86a6df37669a0da367e8,ISO_3166-2:BE-BRU,Brussels-Capital Region,BE,present,introduced,2018/2018,
ad-hoc-checklist:taxon:02127ef216ec86a6df37669a0da367e8,ISO_3166-2:BE-WAL,Walloon Region,BE,present,introduced,2018/2018,
ad-hoc-checklist:taxon:0338bf66bffd36ae51953987b1e327cd,ISO_3166-2:BE-VLG,Flemish Region,BE,present,introduced,1945/2018,Stieperaere & Jacques 1995
ad-hoc-checklist:taxon:04550900e0ce353b63b12f0efb7a5a0d,ISO_3166-2:BE-VLG,Flemish Region,BE,present,introduced,1992/2018,"Swinnen et al., 1998"
ad-hoc-checklist:taxon:04f0fa33aab56bd2c92b381eeda83b7b,ISO_3166-2:BE-VLG,Flemish Region,BE,present,introduced,2001/2018,"Adriaens, T., E. Branquart, and D. Maes. 2003. The Multicoloured Asian Ladybird Harmonia axyridis Pallas (Coleoptera : Coccinellidae), a threat for native aphid predators in Belgium? Belgian Journal of Zoology 133:195-196. | Adriaens, T., G. M. Y. Gomez, and D. Maes. 2008. Invasion history, habitat preferences and phenology of the invasive ladybird Harmonia axyridis in Belgium. BioControl 53:69-88. https://doi.org/10.1007/s10526-007-9137-6"
ad-hoc-checklist:taxon:04f0fa33aab56bd2c92b381eeda83b7b,ISO_3166-2:BE-WAL,Walloon Region,BE,present,introduced,2002/2018,"Adriaens, T., E. Branquart, and D. Maes. 2003. The Multicoloured Asian Ladybird Harmonia axyridis Pallas (Coleoptera : Coccinellidae), a threat for native aphid predators in Belgium? Belgian Journal of Zoology 133:195-196. | Adriaens, T., G. M. Y. Gomez, and D. Maes. 2008. Invasion history, habitat preferences and phenology of the invasive ladybird Harmonia axyridis in Belgium. BioControl 53:69-88. https://doi.org/10.1007/s10526-007-9137-6"
ad-hoc-checklist:taxon:04f0fa33aab56bd2c92b381eeda83b7b,ISO_3166-2:BE-BRU,Brussels-Capital Region,BE,present,introduced,2001/2018,"Adriaens, T., E. Branquart, and D. Maes. 2003. The Multicoloured Asian Ladybird Harmonia axyridis Pallas (Coleoptera : Coccinellidae), a threat for native aphid predators in Belgium? Belgian Journal of Zoology 133:195-196. | Adriaens, T., G. M. Y. Gomez, and D. Maes. 2008. Invasion history, habitat preferences and phenology of the invasive ladybird Harmonia axyridis in Belgium. BioControl 53:69-88. https://doi.org/10.1007/s10526-007-9137-6"
ad-hoc-checklist:taxon:06ce867cb112da7d0ace77f9ef261afc,ISO_3166-2:BE-VLG,Flemish Region,BE,present,introduced,1983/2018,
ad-hoc-checklist:taxon:0aa2069e0be99ab8196b654c11db1162,ISO_3166-2:BE,Belgium,BE,present,introduced,2018/2018,
ad-hoc-checklist:taxon:0bcd26f38390fe99c643104b28217c02,ISO_3166-2:BE-VLG,Flemish Region,BE,present,introduced,2002/2017,"Vanuytven, H. 2004. Achaearanea acoreensis (Berland, 1932), een zuiderse immigrant (Araneae, Theridiidae). Nieuwsbrief van de Belgische Arachnologische Vereniging, 19(3):85-86."
ad-hoc-checklist:taxon:0bd36fa88a3080c7e98593020f71fb91,ISO_3166-2:BE-VLG,Flemish Region,BE,present,introduced,2004/2011,"Dozieres, A., Pisanu, B., Gerriet, O., Lapeyre, C., Stuyck, J. & Cha- ` puis, J.-L. (2010) Macroparasites of Pallas’s squirrels, Callosciurus erythraeus, introduced into Europe. Veterinary Parasitology, 172, 172–176."
ad-hoc-checklist:taxon:0c00a7f95bf886620aaf230ef19c4702,ISO_3166-2:BE-WAL,Walloon Region,BE,present,introduced,1980/2018,"Dekoninck, W, Maelfait, J-P, Vankerkhoven, F, Baugnée, J-Y, and Grootaert, P, 2006. An update of the clecklist of the Belgian ant fauna with comments on new species for the country (Hymenoptera, Formicidae). Belgian Journal of Entomology 8, 27-41."
ad-hoc-checklist:taxon:0cf152a392bb98b8dca84f219e8099f5,ISO_3166-2:BE-VLG,Flemish Region,BE,present,introduced,2013/2013,"Bosselaers, J., 2013. An alien in the grapes: a potentially agressive African spider imported into Belgium. Nieuwsbrief van de Belgische Arachnologische Vereniging, 28: 22-28."
ad-hoc-checklist:taxon:0dd3e2449fdc2910d308e6f56e22a8f0,ISO_3166-2:BE,Belgium,BE,present,introduced,2018/2018,"Lock, K. (2006) Belgian Thysanoptera in the collections of the royal belgian institute of natural sciences. Bulletin de la Société royale belge d’Entomologie/Bulletin van de Koninklijke Belgische Vereniging voor Entomologie 142: 34-37"
ad-hoc-checklist:taxon:0fe740ff557affb6d9a0ea829cbf68bd,ISO_3166-2:BE-VLG,Flemish Region,BE,present,introduced,2018/2018,
ad-hoc-checklist:taxon:10b25b3a18eaac42cac983b0ad76cf5b,ISO_3166-2:BE-VLG,Flemish Region,BE,present,introduced,2013/2013,"Adriaens, T., and G. De Knijf. 2015. A first report of introduced non-native damselfly species (Zygoptera, Coenagrionidae) for Belgium. Belg. J. Zool 145:76-80."
ad-hoc-checklist:taxon:10eddc4a0f489767d644ad73a2551805,ISO_3166-2:BE-VLG,Flemish Region,BE,present,introduced,2016/2017,"Van den Neucker T, Schildermans T, Scheers K. 2017. The invasive Chinese mystery snail Bellamya chinensis (Gastropoda: Viviparidae) expands its European range to Belgium. Knowl. Manag. Aquat. Ecosyst., 418, 8. https://doi.org/10.1051/kmae/2016040"
ad-hoc-checklist:taxon:10f2c21e38d910bcc489e526cb5706da,ISO_3166-2:BE-VLG,Flemish Region,BE,present,introduced,1992/2018,"Swinnen et al., 1998"
ad-hoc-checklist:taxon:11f754026fc161e815b828b2126129f7,ISO_3166-2:BE-VLG,Flemish Region,BE,present,introduced,2005/2018,Anonymus 2008
ad-hoc-checklist:taxon:13804ff422c60a29bcdec99bf90e6a6b,ISO_3166-2:BE-VLG,Flemish Region,BE,present,introduced,2004/2011,"Dozieres, A., Pisanu, B., Gerriet, O., Lapeyre, C., Stuyck, J. & Cha- ` puis, J.-L. (2010) Macroparasites of Pallas’s squirrels, Callosciurus erythraeus, introduced into Europe. Veterinary Parasitology, 172, 172–176."
ad-hoc-checklist:taxon:15045813ec428b9f08ee3cc50a3364f7,ISO_3166-2:BE,Belgium,BE,present,introduced,2018/2018,
ad-hoc-checklist:taxon:162ff8e7ac05a6364d9638211243fc0c,ISO_3166-2:BE-VLG,Flemish Region,BE,present,introduced,2018/2018,
ad-hoc-checklist:taxon:162ff8e7ac05a6364d9638211243fc0c,ISO_3166-2:BE-WAL,Walloon Region,BE,present,introduced,2018/2018,
ad-hoc-checklist:taxon:163341620b597b184210c02024ddb74e,ISO_3166-2:BE-VLG,Flemish Region,BE,present,introduced,2008/2008,"Van Keer, K. 2010. An update on the verified reports of imported spiders (Araneae) from Belgium. Nieuwsbrief van de Belgische Arachnologische Vereniging, 25(3): 210-214."
ad-hoc-checklist:taxon:164b5379d3a5474bbc46a2b412e7c4b8,ISO_3166-2:BE-VLG,Flemish Region,BE,present,introduced,2006/2006,"Van Keer, K. 2007. Exotic spiders (Araneae): Verified reports from Belgium of imported species (1976-2006) and some notes on apparent neozoan invasive species. Nieuwsbrief van de Belgische Arachnologische Vereniging, 22(2):45-54."
ad-hoc-checklist:taxon:173853858071ce0d5c9852c9199a45e0,ISO_3166-2:BE-VLG,Flemish Region,BE,present,introduced,1991/1991,"Van Keer, K. 2007. Exotic spiders (Araneae): Verified reports from Belgium of imported species (1976-2006) and some notes on apparent neozoan invasive species. Nieuwsbrief van de Belgische Arachnologische Vereniging, 22(2):45-54."
ad-hoc-checklist:taxon:17d369e9c1242ea84a1eb4619371f3f4,ISO_3166-2:BE-VLG,Flemish Region,BE,present,introduced,1999/2016,"Van Keer, K. 2007. Exotic spiders (Araneae): Verified reports from Belgium of imported species (1976-2006) and some notes on apparent neozoan invasive species. Nieuwsbrief van de Belgische Arachnologische Vereniging, 22(2):45-54."
ad-hoc-checklist:taxon:183a5311d01a271639b3f6951ddf9bcb,ISO_3166-2:BE-VLG,Flemish Region,BE,present,introduced,2016/2018,"Lock, K. (2017) Bulletin de la Société royale belge d’Entomologie/Bulletin van de Koninklijke Belgische Vereniging voor Entomologie, 153 (2017): 21–22"
ad-hoc-checklist:taxon:19bb4852670d1077cb54b1fabb7a46d8,ISO_3166-2:BE-VLG,Flemish Region,BE,present,introduced,2001/2012,"Kekenbosch, R. 2008. Captures d'Hasarius adansoni (Audoin, 1826) et de Thanatus vulgaris (Simon, 1870). Nieuwsbrief van de Belgische Arachnologische Vereniging, 23(1):26-27."
ad-hoc-checklist:taxon:1a01ace56d7703eac736da8647d74a4a,ISO_3166-2:BE-VLG,Flemish Region,BE,present,introduced,1998/2018,"Dekoninck W, Pauly A., 2002, Camponotus vagus Scopoli, 1763 (Hymenoptera Formicidae) a new ant species for Belgium? Bulletin de la Société royale belge d'Entomologie; 138:29-30."
ad-hoc-checklist:taxon:1a0dc59ccbd186216aade582fbb535cc,ISO_3166-2:BE,Belgium,BE,present,introduced,2014-09-18/2018,"Vanderweyen A & Fraiture A (2014) Catalogue des Ustilaginales sl de Belgique. Lejeunia, Revue de Botanique."
ad-hoc-checklist:taxon:1ac9568bc799861c6e8be58c55f3db9c,ISO_3166-2:BE-VLG,Flemish Region,BE,present,introduced,2016/2016,observation unpubl.
ad-hoc-checklist:taxon:1b988f861a719376564d0cfd37c14c39,ISO_3166-2:BE,Belgium,BE,present,introduced,2018/2018,Helen Roy & Alain Migeon (2018) BioRisk 4(1): 293–313. https://doi.org/10.3897/biorisk.4.49
ad-hoc-checklist:taxon:1c60e51c85f9ab77fedde4e3e6141142,ISO_3166-2:BE-VLG,Flemish Region,BE,present,introduced,2000/2000,"Lambrechts, J. & Janssen, M. 2001. De arachnofauna van het Vlaams natuurreservaat 'Houterenberg-Pinnekenswijer'. Nieuwsbrief van de Belgische Arachnologische Vereniging, 13(3):87-100."
ad-hoc-checklist:taxon:1e9f0f5e781d6e595e1b7bfae4d00b88,ISO_3166-2:BE-VLG,Flemish Region,BE,present,introduced,2014/2018,in press Natuur.focus
ad-hoc-checklist:taxon:1ec101c30e77e89cfd06a81f284b2e8d,ISO_3166-2:BE-VLG,Flemish Region,BE,present,introduced,2003/2006,"Van Keer, K. & Van Keer, J. 2003. In België aangetroffen exoten (Araneae) uit de collectie J. Van Keer. Nieuwsbrief van de Belgische Arachnologische Vereniging, 18(2-3):78-83."
ad-hoc-checklist:taxon:1ef46b04926b945e9a385a21f1e3c8ec,ISO_3166-2:BE-VLG,Flemish Region,BE,present,introduced,1995/1995,"Alderweireldt, M. 1996. Evarcha jucunda (Lucas), nieuw voor de Belgische fauna (Araneae: Salticidae): introductie, zwerver of noordwaartse areaalsuitbreiding. Nieuwsbrief van de Belgische Arachnologische Vereniging, 11(3):79-80."
ad-hoc-checklist:taxon:1f84bf295d56bbb2c32cfb0af34a1287,ISO_3166-2:BE-VLG,Flemish Region,BE,present,introduced,2018/2018,ARABEL exotendatabank (2018-08-10)
ad-hoc-checklist:taxon:1f9cad54e7aa98ae4a64a98a32adab3e,ISO_3166-2:BE-VLG,Flemish Region,BE,present,introduced,2008/2018,"Chérot, F., Aukema,B., Bruers,J.& Viskens,G. (2011) Exotic species of Aradidae nad Miridae recently found in Antwerp harbour, bull KBVE 147: 15-19"
ad-hoc-checklist:taxon:21004d75bf5dc504406ab6d514d82757,ISO_3166-2:BE-VLG,Flemish Region,BE,present,introduced,2001/2004,"Van Keer, K. & Van Keer, J. 2001. Ingeburgerde exotische trilspinnen (Araneae: Pholcidae) in Antwerpse haven en enkele algemene bedenkingen bij spinnenmigratie. Nieuwsbrief van de Belgische Arachnologische Vereniging, 16(3):81-86."
ad-hoc-checklist:taxon:21efd7e0b9b24447b43607d280a3f2be,ISO_3166-2:BE,Belgium,BE,present,introduced,2018/2018,
ad-hoc-checklist:taxon:22165020039373801f9f790631f30ebd,ISO_3166-2:BE,Belgium,BE,present,introduced,2018/2018,
ad-hoc-checklist:taxon:22ce15323197a68255c063f4b66c1d9f,ISO_3166-2:BE-VLG,Flemish Region,BE,present,introduced,1730/2018,VLIZ list
ad-hoc-checklist:taxon:232783d30768c372cce1c3e484411942,ISO_3166-2:BE-VLG,Flemish Region,BE,present,introduced,1998/2018,"Sablon et al., 2010"
ad-hoc-checklist:taxon:23a192c63089427588695c2c52467910,ISO_3166-2:BE-VLG,Flemish Region,BE,present,introduced,2018/2018,Steeman & Veraghtert 2011 Natuur.Focus
ad-hoc-checklist:taxon:249b676598228522cfbfc3292c772148,ISO_3166-2:BE-VLG,Flemish Region,BE,present,introduced,1956/2017,"Polk PH, Van Oye P (1956) Studie der Landisopoden in België: systematisch-oecologisch. Licenciaatsverhandeling 1956. Universiteit Gent."
ad-hoc-checklist:taxon:24d4a2b0a38490cb84695fc57036b473,ISO_3166-2:BE-VLG,Flemish Region,BE,present,introduced,2018/2018,https://www.natuurpunt.be/nieuws/spoorkrekel-duikt-voor-het-eerst-op-belgië-20180830
ad-hoc-checklist:taxon:262e63b61c546ded1e5b9c1360df8ebf,,,,,introduced,2018/2018,
ad-hoc-checklist:taxon:26674daaa2dbc0076155a4c1bc9771a3,ISO_3166-2:BE-VLG,Flemish Region,BE,present,introduced,2005/2018,"Casaer, J., Boone, N., Devisscher, S., Vercammen J., Adriaens T. (2015). Best practice voor beheer van Chinese muntjak Muntiacus reevesi in Vlaanderen. Rapporten van het Instituut voor Natuur- en Bosonderzoek 2015 (INBO.R.2015.7092003). Instituut voor Natuur- en Bosonderzoek, Brussel."
ad-hoc-checklist:taxon:26b25c88b457341c87edb0dbca4bdcba,ISO_3166-2:BE-VLG,Flemish Region,BE,present,introduced,2004/2018,Jooris & Lehouck 2007. De Muurhagedis in Vlaandern.  Natuur.Focus 6(4): 123-129
ad-hoc-checklist:taxon:26b25c88b457341c87edb0dbca4bdcba,ISO_3166-2:BE-BRU,Brussels-Capital Region,BE,present,introduced,2018/2018,Jooris & Lehouck 2007. De Muurhagedis in Vlaandern. Natuur.Focus 6(4): 123-129
ad-hoc-checklist:taxon:275025010e3bea243fa9ce9532ec6d72,ISO_3166-2:BE-VLG,Flemish Region,BE,present,introduced,2014/2014,Van den Berge Zoogdier http://www.zoogdierwinkel.nl/sites/default/files/imce/nieuwesite/Winkel/pdf%20download/Zoogdier_Jaargang_19_2_2008_JUN_0.pdf
ad-hoc-checklist:taxon:2772197eb7786a8da331440c09e79155,ISO_3166-2:BE-VLG,Flemish Region,BE,present,introduced,2015/2017,
ad-hoc-checklist:taxon:27a54674f4afcd6d8dbc893680da5bae,ISO_3166-2:BE-VLG,Flemish Region,BE,present,introduced,2014/2017,
ad-hoc-checklist:taxon:27ca67e2eb80d664cccae52120479f96,ISO_3166-2:BE-VLG,Flemish Region,BE,present,introduced,1922/2018,
ad-hoc-checklist:taxon:292a4951cbdd8cc0118e5d53af1ed84e,ISO_3166-2:BE-VLG,Flemish Region,BE,present,introduced,2008/2008,unpubl. data
ad-hoc-checklist:taxon:2a21b2165fad19659d88b2799107175e,ISO_3166-2:BE,Belgium,BE,present,introduced,2018/2018,
ad-hoc-checklist:taxon:2a57b5e6ede563a0ccf6a9d83d599c2d,ISO_3166-2:BE-VLG,Flemish Region,BE,present,introduced,1978/2018,"Dekoninck, W, Lock, K, and Janssens, F., 2007. Eur. J. Entomol. 104, 159-161. | Dekoninck W, De Baere C, Mertens J & Maelfait J-P, 2002. On the arrival of the Asian invader ant Lasius neglectus in Belgium (Hymenoptera: Formicidae). Bulletin S.R.B.E./K.B.V.E., 138: 45-48."
ad-hoc-checklist:taxon:2afa7ada35e7ffa8f23de43c9ff60a06,ISO_3166-2:BE-VLG,Flemish Region,BE,present,introduced,2013/2013,ARABEL exotendatabank (2018-08-10)
ad-hoc-checklist:taxon:2b08658160feaa6b8796da6b359c133c,ISO_3166-2:BE-VLG,Flemish Region,BE,present,introduced,2018/2018,
ad-hoc-checklist:taxon:2ed5a5031f8e2cafe5bc86220bd71ee3,ISO_3166-2:BE-VLG,Flemish Region,BE,present,introduced,1985/2018,Van Loen et al. 2006 rode lijst
ad-hoc-checklist:taxon:2fb8ca3deefe5776669a297af9b9a2bb,ISO_3166-2:BE-VLG,Flemish Region,BE,present,introduced,2018/2018,
ad-hoc-checklist:taxon:2fb8ca3deefe5776669a297af9b9a2bb,ISO_3166-2:BE-WAL,Walloon Region,BE,present,introduced,2018/2018,
ad-hoc-checklist:taxon:30da151bf3ba5497c6b4d72f4b3bfdfd,ISO_3166-2:BE-VLG,Flemish Region,BE,present,introduced,2018/2018,"Kekenbosch, J. Bosmans, R. & Baert, L. 1977. Soortenlijst der Belgische spinnen. Studiedocumenten van het Koninklijk Belgische Instituut voor Natuurwetenschappen, 11:1-36."
ad-hoc-checklist:taxon:3112354302992e3b2942412f18824a57,ISO_3166-2:BE-VLG,Flemish Region,BE,present,introduced,1996/2018,"Jooris 2001, 2005 | Adriaens et al. 2010 | Sharifian-Fard 2011"
ad-hoc-checklist:taxon:314aeef7f38b0f092d5f40fbf139df9c,ISO_3166-2:BE-WAL,Walloon Region,BE,present,introduced,1980/2018,"Dekoninck W, Hendrickx F, Dethier M, & Maelfait J-P, 2010. Spontaneous afforestation endangers the special ant fauna of abandoned quarries along the river Meuse (Wallonia, Belgium). Restoration Ecology, 18(5): 681-690."
ad-hoc-checklist:taxon:32dc2e18733fffa92ba4e1b35d03c4e2,ISO_3166-2:BE-VLG,Flemish Region,BE,present,introduced,1937/2018,"Van Goethem & Sablon, 1986"
ad-hoc-checklist:taxon:335232c3b360c557a5986df287dab330,ISO_3166-2:BE-VLG,Flemish Region,BE,present,introduced,2012-06-24/2014-03-30,"Jelinek J et al. (2016) Epuraea imperialis (Reitter, 1877). New invasive species of Nitidulidae (Coleoptera) in Europe, with a checklist of sap beetles introduced to Europe and Mediterranean areas. AAPP | Physical, Mathematical, and Natural Sciences, 94(2): 1-24. https://doi.org/10.1478/AAPP.942A4"
ad-hoc-checklist:taxon:34578d09afa85247cfc1d1d993e85f23,ISO_3166-2:BE-VLG,Flemish Region,BE,present,introduced,2005/2018,Anonymus 2008
ad-hoc-checklist:taxon:348d670934acf5e64c5845c22483dcad,ISO_3166-2:BE-VLG,Flemish Region,BE,present,introduced,2003/2018,Anonymus 2008
ad-hoc-checklist:taxon:384d1fdb50d88ba923d765565c9a6bb5,ISO_3166-2:BE,Belgium,BE,present,introduced,2018/2018,
ad-hoc-checklist:taxon:385364b6232734897633a95d3830a630,ISO_3166-2:BE-VLG,Flemish Region,BE,present,introduced,1987/2018,Van den Berge Zoogdier http://www.zoogdierwinkel.nl/sites/default/files/imce/nieuwesite/Winkel/pdf%20download/Zoogdier_Jaargang_19_2_2008_JUN_0.pdf
ad-hoc-checklist:taxon:399370545673ad8c53cd8841c66b567d,ISO_3166-2:BE,Belgium,BE,present,introduced,1830/2018,"Lock K (2010) Updated checklist of the Belgian centipedes (Chilopoda). Entomologie faunistique-Faunistic Entomology. 62 (1), 35-39"
ad-hoc-checklist:taxon:399370545673ad8c53cd8841c66b567d,ISO_3166-2:BE-WAL,Walloon Region,BE,present,introduced,1830/2018,"Lock, K. (2009) Updated checklist of the Belgian centipedes (Chilopoda). Entomologie faunistique – Faunistic Entomology 2010 (2009) 62 (1), 35-39"
ad-hoc-checklist:taxon:3a3104e2d80a0bedc6778c8595e9b3e3,ISO_3166-2:BE-VLG,Flemish Region,BE,present,introduced,2009/2018,"Chérot, F., Aukema,B., Bruers,J.& Viskens,G. (2011) Exotic species of Aradidae nad Miridae recently found in Antwerp harbour, bull KBVE 147: 15-19"
ad-hoc-checklist:taxon:3b00b08242070ade93b08f0874f23812,ISO_3166-2:BE-VLG,Flemish Region,BE,present,introduced,2009/2014,"Van Keer, K. 2010. An update on the verified reports of imported spiders (Araneae) from Belgium. Nieuwsbrief van de Belgische Arachnologische Vereniging 25(3): 210-214."
ad-hoc-checklist:taxon:3b23d597036f327aaeaa4a423de62cac,ISO_3166-2:BE,Belgium,BE,present,introduced,1894-06/2018,"Vanderweyen A & Fraiture A (2014) Catalogue des Ustilaginales sl de Belgique. Lejeunia, Revue de Botanique."
ad-hoc-checklist:taxon:3cb6206d76ff883611673bfb18d83553,ISO_3166-2:BE-VLG,Flemish Region,BE,present,introduced,2004/2018,"Verween et al., 2006, P. Jacobs unpublished"
ad-hoc-checklist:taxon:3e2f6f1a9a929a4661c726f0e0ba821f,ISO_3166-2:BE-VLG,Flemish Region,BE,present,introduced,2006/2009,"Lambeets, K., Bosmans, R. & Bonte, D. 2007. Two exotic spider species (Araneae), Zoropsis spinimana (Zoropsidae) and Saitis barbipes (Salticidae), recently found in the inner city of Ghent (Belgium). Nieuwsbrief van de Belgische Arachnologische Vereniging, 22(2):55-60."
ad-hoc-checklist:taxon:3e2f6f1a9a929a4661c726f0e0ba821f,ISO_3166-2:BE-WAL,Walloon Region,BE,present,introduced,2013/2013,ARABEL exotendatabank (2018-08-10)
ad-hoc-checklist:taxon:402888218efece0fe4156dd6bab66d21,ISO_3166-2:BE-VLG,Flemish Region,BE,present,introduced,1937/2018,Van Loen et al. 2006 rode lijst
ad-hoc-checklist:taxon:4034d15d25704640fbd47e492335f4f1,ISO_3166-2:BE-VLG,Flemish Region,BE,present,introduced,2005/2006,"Thomaes A. 2006 Anoplophora chinensis Förster voor het eerst gevonden in België (Coleoptera, Cerambycidae). Entomo-info"
ad-hoc-checklist:taxon:4083a806b5a17baf5aa9c992bf9fbe1c,ISO_3166-2:BE-VLG,Flemish Region,BE,present,introduced,2015-02-05/2018,"De Smedt P, Arijs G, Segers S, Boeraeve P (2017) Woodlice of the green houses at Ghent Botanical Garden and Botanic Garden Meise with two new exotic species for Belgium (Isopoda: Oniscidae). Bulletin de la Société royale belge d’Entomologie/Bulletin van de Koninklijke Belgische Vereniging voor Entomologie, 153: 109-112."
ad-hoc-checklist:taxon:4415043d96d97342c001e05db58323cd,ISO_3166-2:BE-VLG,Flemish Region,BE,present,introduced,2018/2018,Verreycken pers comm
ad-hoc-checklist:taxon:4573993d9f1c11852bbf3ec29b34e066,ISO_3166-2:BE-VLG,Flemish Region,BE,present,introduced,2018/2018,
ad-hoc-checklist:taxon:46f75db2bfca28104a610984172f1d16,ISO_3166-2:BE,Belgium,BE,present,introduced,1980/2018,"Dekoninck W. & Brouckaert D., 2011. Paratrechina longicornis an introduced ant in a subtropicaswimming pool infrastructure in Belgium. Bulletin S.R.B.E./K.B.V.E., 147: 99-101."
ad-hoc-checklist:taxon:48855c1bd5918162569e441183521871,ISO_3166-2:BE-VLG,Flemish Region,BE,present,introduced,2015-02-05/2018,"De Smedt P, Arijs G, Segers S, Boeraeve P (2017) Woodlice of the green houses at Ghent Botanical Garden and Botanic Garden Meise with two new exotic species for Belgium (Isopoda: Oniscidae). Bulletin de la Société royale belge d’Entomologie/Bulletin van de Koninklijke Belgische Vereniging voor Entomologie, 153: 109-112."
ad-hoc-checklist:taxon:49813a076dc711cfc7346904890e425f,ISO_3166-2:BE-VLG,Flemish Region,BE,present,introduced,1976/2018,"Verbeylen, G. (2003) in Verkem, S., De Maeseneer, J., Vandendriessche, B., Verbeylen, G. & Yskout, S. Zoogdieren in Vlaanderen. Ecologie en verspreiding van 1987 tot 2002. Natuurpunt Studie en JNM-Zoogdierenwerkgroep, Mechelen en Gent, België."
ad-hoc-checklist:taxon:49813a076dc711cfc7346904890e425f,ISO_3166-2:BE-BRU,Brussels-Capital Region,BE,present,introduced,2018/2018,"Verbeylen, G. (2003) in Verkem, S., De Maeseneer, J., Vandendriessche, B., Verbeylen, G. & Yskout, S. Zoogdieren in Vlaanderen. Ecologie en verspreiding van 1987 tot 2002. Natuurpunt Studie en JNM-Zoogdierenwerkgroep, Mechelen en Gent, België."
ad-hoc-checklist:taxon:4b5e8c4fe00adae4e59033c31cad9612,ISO_3166-2:BE,Belgium,BE,present,introduced,2018/2018,"Merlin, J., M. Dolmans, D. Gérard, and M. Pasteels. 1992. Analyse des potentialités des coccinelles Exochomus quadripustulatus L. et Cryptolaemus montrouzieri Mulsant et tant qu'auxilliaires dans la lutte contre la cochenille Eupulvinaria hydrangea (Stenw.). Mém.Soc.R.belge Ent. 35:541-547."
ad-hoc-checklist:taxon:4bac617a7274fd47658738252f1ba1dc,ISO_3166-2:BE-VLG,Flemish Region,BE,present,introduced,1976/2018,"Van den Heuvel, R. 1988. Rhyzobius lophantae (Blaisdell), een nieuwe soort voor de Belgische fauna of een toevallig ingevoerd exemplaar ? (Coleoptera: Coccinellidae). Phegea 16:102."
ad-hoc-checklist:taxon:4bdd5c000296901bd78781f759635b16,ISO_3166-2:BE-VLG,Flemish Region,BE,present,introduced,1986/1986,"Van Keer, K. 2007. Exotic spiders (Araneae): Verified reports from Belgium of imported species (1976-2006) and some notes on apparent neozoan invasive species. Nieuwsbrief van de Belgische Arachnologische Verereniging,. 22(2):45-54."
ad-hoc-checklist:taxon:4e2541dec2336eeec3a282c9334ee949,ISO_3166-2:BE,Belgium,BE,present,introduced,2018/2018,"Lock, K. (2006) Belgian Thysanoptera in the collections of the royal belgian institute of natural sciences. Bulletin de la Société royale belge d’Entomologie/Bulletin van de Koninklijke Belgische Vereniging voor Entomologie 142: 34-37"
ad-hoc-checklist:taxon:4e77e6119bb0e41685890f71f924c11c,ISO_3166-2:BE,Belgium,BE,present,introduced,2018/2018,"Lock, K. (2006) Belgian Thysanoptera in the collections of the royal belgian institute of natural sciences. Bulletin de la Société royale belge d’Entomologie/Bulletin van de Koninklijke Belgische Vereniging voor Entomologie 142: 34-37"
ad-hoc-checklist:taxon:4edb32d40c8a14a2e86435dbc9a756e0,ISO_3166-2:BE-WAL,Walloon Region,BE,present,introduced,2002/2018,Versteirt et al. (2009) Introduction and Establishment of the Exotic Mosquito Species Aedes japonicus japonicus (Diptera: Culicidae) in Belgium. J. Med. Entomol. 46(6): 1464-1467 (2009)
ad-hoc-checklist:taxon:4f2d6245c6b2a3ef82b1c29080ac3902,ISO_3166-2:BE-WAL,Walloon Region,BE,present,introduced,2005/2018,"Dekoninck W, Wegnez P, Espadaler X & Grootaert P, 2006. First record of infestation of the ghost ant Tapinoma melanocephalum (Fabricius, 1793) in Belgium (Hymenoptera, Formicidae) – a new indoor pest problem for the country? Bulletin S.R.B.E./K.B.V.E., 142: 25-28."
ad-hoc-checklist:taxon:508326799a9dbe6daceb5003f1ccc8b3,ISO_3166-2:BE-BRU,Brussels-Capital Region,BE,present,introduced,1991/2009,"paper Tim De Floris; Troukens W 1991. Cacyreus marshalli Butler, 1898 aangetroffen in België (Lepidoptera: Lycaenidae). — Phegea 19: 129–131."
ad-hoc-checklist:taxon:508326799a9dbe6daceb5003f1ccc8b3,ISO_3166-2:BE-VLG,Flemish Region,BE,present,introduced,2018/2018,paper Tim De Floris
ad-hoc-checklist:taxon:5083ba47ebf4a2aeb5fbebd0f816b379,ISO_3166-2:BE-VLG,Flemish Region,BE,present,introduced,2011/2011,Troukens W 2012. Een tropische verstekeling uit Mallorca: de palmmot Paysandisia archon (Lepidoptera: Castniidae). — Phegea 40(3): 62. http://uahost.uantwerpen.be/vve/Phegea/2012/Phegea40-3_62.pdf
ad-hoc-checklist:taxon:5107aec0a0db6625e1c24c23e99a0fff,ISO_3166-2:BE,Belgium,BE,present,introduced,2018/2018,
ad-hoc-checklist:taxon:5788cff2fcc748fb68e2e8f6c53b2ecf,ISO_3166-2:BE-VLG,Flemish Region,BE,present,introduced,1946/2018,
ad-hoc-checklist:taxon:57d6dec70a1a1b277dd49d9da6b669aa,ISO_3166-2:BE-VLG,Flemish Region,BE,present,introduced,2011/2018,unpubl. observation
ad-hoc-checklist:taxon:5af88cdec41200398f311e61bb98a333,ISO_3166-2:BE-VLG,Flemish Region,BE,present,introduced,2004/2011,"Dozieres, A., Pisanu, B., Gerriet, O., Lapeyre, C., Stuyck, J. & Cha- ` puis, J.-L. (2010) Macroparasites of Pallas’s squirrels, Callosciurus erythraeus, introduced into Europe. Veterinary Parasitology, 172, 172–176."
ad-hoc-checklist:taxon:5d54247062aa163fc4eb4788d4d23ad9,ISO_3166-2:BE-VLG,Flemish Region,BE,present,introduced,2018/2018,
ad-hoc-checklist:taxon:5d5814ec63be19cb1459889d555f1f01,ISO_3166-2:BE-VLG,Flemish Region,BE,present,introduced,1946/2018,Van Loen et al. 2006 rode lijst
ad-hoc-checklist:taxon:5e110f7f024e5d2f10cb3fd231765bb1,ISO_3166-2:BE-VLG,Flemish Region,BE,present,introduced,2004/2011,Adriaens et al. (2015) https://doi.org/10.1007/s10530-015-0898-z
ad-hoc-checklist:taxon:6216e4d9dc3ae7a225e69e9d93d7984d,ISO_3166-2:BE-VLG,Flemish Region,BE,present,introduced,1985/2004,"Van Keer, K. 2007. Exotic spiders (Araneae): Verified reports from Belgium of imported species (1976-2006) and some notes on apparent neozoan invasive species. Nieuwsbrief van de Belgische Arachnologische Vereniging, 22(2):45-54."
ad-hoc-checklist:taxon:62436bf1183beb101a2dfd7437c71783,ISO_3166-2:BE,Belgium,BE,present,introduced,2018/2018,"Lock, K. (2006) Belgian Thysanoptera in the collections of the royal belgian institute of natural sciences. Bulletin de la Société royale belge d’Entomologie/Bulletin van de Koninklijke Belgische Vereniging voor Entomologie 142: 34-37"
ad-hoc-checklist:taxon:62d1568b524d9f9cb99dfcecf9bf2b15,ISO_3166-2:BE-VLG,Flemish Region,BE,present,introduced,1911/2018,"Dekoninck, W, Maelfait, J-P, Vankerkhoven, F, Baugnée, J-Y, and Grootaert, P, 2006. An update of the clecklist of the Belgian ant fauna with comments on new species for the country (Hymenoptera, Formicidae). Belgian Journal of Entomology 8, 27-41."
ad-hoc-checklist:taxon:640f75b26b4ac91b8d5ca34a558adf5a,ISO_3166-2:BE,Belgium,BE,present,introduced,2018/2018,
ad-hoc-checklist:taxon:64432319aeb1c56c7f337e0985555fbc,ISO_3166-2:BE-VLG,Flemish Region,BE,present,introduced,2008/2012,"Fraiture A, Di Giangregorio M (2013) Amanita inopinata, its ecology and expansion in Europe. Cryptogamie, Mycology 34: 211-222. https://doi.org/10.7872/crym.v34.iss2.2013.211"
ad-hoc-checklist:taxon:64432319aeb1c56c7f337e0985555fbc,ISO_3166-2:BE-WAL,Walloon Region,BE,present,introduced,2012/2018,"Fraiture A, Di Giangregorio M (2013) Amanita inopinata, its ecology and expansion in Europe. Cryptogamie, Mycology 34: 211-222. https://doi.org/10.7872/crym.v34.iss2.2013.211"
ad-hoc-checklist:taxon:67330018311a9fdc2075b24c4fde541f,ISO_3166-2:BE,Belgium,BE,present,introduced,2018/2018,"Lock, K. (2009) Symphyla of Belgium. Entomologie faunistique – Faunistic Entomology 2010 (2009) 62 (1), 25-27"
ad-hoc-checklist:taxon:69026a56e42fa41725789b1f832d09ed,ISO_3166-2:BE-VLG,Flemish Region,BE,present,introduced,2016/2018,"Lock, K. (2016) Bulletin de la Société royale belge d’Entomologie/Bulletin van de Koninklijke Belgische Vereniging voor Entomologie, 152 (2016): 22-24"
ad-hoc-checklist:taxon:699905a4bec8de2d677240f1ba1ab73c,ISO_3166-2:BE-VLG,Flemish Region,BE,present,introduced,1985/2018,
ad-hoc-checklist:taxon:69c04e84e8c6abc981ad1c57068556cb,ISO_3166-2:BE-VLG,Flemish Region,BE,present,introduced,2018/2018,
ad-hoc-checklist:taxon:6ace4f4bb6441dcd4d979df6325d1892,ISO_3166-2:BE-VLG,Flemish Region,BE,present,introduced,1911/2018,"http://www.formicidae-atlas.be | Dekoninck et al 2012 ATLAS België | Boer P, Blommaart J, Huijbregts H, van Nunen F, and Vorst O, 2006. De compostmier Hypoponera punctatissima in het vrije veld. Entomologische Berichten Amsterdam 66(2), 56-57."
ad-hoc-checklist:taxon:6b55ee7cd04dbbc71b04f89d78270b35,ISO_3166-2:BE-VLG,Flemish Region,BE,present,introduced,2001/2001,"Van Keer, K. 2007. Exotic spiders (Araneae): Verified reports from Belgium of imported species (1976-2006) and some notes on apparent neozoan invasive species. Nieuwsbrief van de Belgische Arachnologische Vereniging, 22(2):45-54."
ad-hoc-checklist:taxon:6c19454d7796a27a2ea9a0584beb15b2,ISO_3166-2:BE-VLG,Flemish Region,BE,present,introduced,2018/2018,
ad-hoc-checklist:taxon:6cdf6abf6caf98b7f2d8228cc3ad99f7,ISO_3166-2:BE-VLG,Flemish Region,BE,present,introduced,2009/2018,"Sablon et al., 2010"
ad-hoc-checklist:taxon:6d9eac590ac3de9e2e6ef6c11a8a5c7e,ISO_3166-2:BE-WAL,Walloon Region,BE,present,introduced,2011/2018,"Vandamme N, Waeyenberge L, Viaene N (2013) First report of the root-knot nematode Meloidogyne artiellia in Belgium. Plant Disease 97: 152. https://doi.org/10.1094/PDIS-08-12-0720-PDN"
ad-hoc-checklist:taxon:6db09d1012865d0431fd9467f757ae9f,ISO_3166-2:BE,Belgium,BE,present,introduced,2018/2018,
ad-hoc-checklist:taxon:6e03c46a977ea6811bbca90d01a92bb6,ISO_3166-2:BE-VLG,Flemish Region,BE,present,introduced,2012/2012,pers. comm. Floris Verhaeghe
ad-hoc-checklist:taxon:6e410f3380f2cfc7068101333e9b5d00,ISO_3166-2:BE-VLG,Flemish Region,BE,present,introduced,1800/2018,Kerckhof_2002_BulletinKBIN
ad-hoc-checklist:taxon:707a067a21bc7b940940d58534893425,ISO_3166-2:BE-VLG,Flemish Region,BE,present,introduced,1967/2017,"Benoit, P.L.G. 1968. La présence en Belgique d'araignées vénimeuses du genre Latrodectus Walck. Africa Tervuren XIV."
ad-hoc-checklist:taxon:707a067a21bc7b940940d58534893425,ISO_3166-2:BE-WAL,Walloon Region,BE,present,introduced,1996/1996,"Van Keer, K. 2007. Exotic spiders (Araneae): Verified reports from Belgium of imported species (1976-2006) and some notes on apparent neozoan invasive species. Nieuwsbrief van de Belgische Arachnologische Vereniging, 22(2):45-54."
ad-hoc-checklist:taxon:719161a196f8f1ebf2d83912e20d210d,ISO_3166-2:BE-VLG,Flemish Region,BE,present,introduced,1997/1997,"Bosmans, R. & Vanuytven, H. 1998. Eperigone eschatologica een Amerikaanse immigrant in West-Europa (Araneae, Erigonidae). Nieuwsbrief van de Belgische Arachnologische Vereniging, 13(1):15-16."
ad-hoc-checklist:taxon:73b5add7de9b055b15905ae42e47637a,ISO_3166-2:BE-VLG,Flemish Region,BE,present,introduced,2014/2015,ARABEL exotendatabank (2018-08-10)
ad-hoc-checklist:taxon:73ea2c71df8bc15f9173f693e5197a82,ISO_3166-2:BE,Belgium,BE,present,introduced,1980/2018,
ad-hoc-checklist:taxon:7436a78b866499d58324df221e4ec344,ISO_3166-2:BE-VLG,Flemish Region,BE,present,introduced,2006/2013,"Van Keer, K., De Koninck, H., Vanuytven, H. & Van Keer, J. 2006. Some -mostly southern European- spider species (Araneae), new or rare to the Belgian fauna, found in the city of Antwerp. Nieuwsbrief van de Belgische Arachnologische Vereniging, 21(2):33-40."
ad-hoc-checklist:taxon:7502c17e7ce37cd4edd8a62b7ff6b723,ISO_3166-2:BE-BRU,Brussels-Capital Region,BE,present,introduced,2013/2018,"DELBOL, M. (2013). Catalogue des Curculionoidea de Belgique (Coleoptera: Polyphaga). Belgian journal of entomology, 13, 1-95."
ad-hoc-checklist:taxon:75989a27ab8b5bb055f8eaa4bddbc6bd,ISO_3166-2:BE-VLG,Flemish Region,BE,present,introduced,1956/2018,Stieperaere & Jacques 1995
ad-hoc-checklist:taxon:766bd661f426861a72e3bcf41913cdbb,ISO_3166-2:BE,Belgium,BE,present,introduced,1968-11-21/2010-08-06,"Vanderweyen A & Fraiture A (2014) Catalogue des Ustilaginales sl de Belgique. Lejeunia, Revue de Botanique."
ad-hoc-checklist:taxon:77cc867ef34c63c9cfbd93b7ec4c5798,ISO_3166-2:BE-VLG,Flemish Region,BE,present,introduced,2018/2018,
ad-hoc-checklist:taxon:78721c109a08e351615b414e81c8ba33,ISO_3166-2:BE-VLG,Flemish Region,BE,present,introduced,2015-02-05/2017-03-29,"De Smedt P, Arijs G, Segers S, Boeraeve P (2017) Woodlice of the green houses at Ghent Botanical Garden and Botanic Garden Meise with two new exotic species for Belgium (Isopoda: Oniscidae). Bulletin de la Société royale belge d’Entomologie/Bulletin van de Koninklijke Belgische Vereniging voor Entomologie, 153: 109-112."
ad-hoc-checklist:taxon:797b7793e700846ab8f407d68e6ea06a,ISO_3166-2:BE-VLG,Flemish Region,BE,present,introduced,1998/1998,"Vanuytven, H. 2000. Spermophora senoculata (Dugés, 1836), alweer een in België ingevoerde soort (Araneae: Pholcidae). Nieuwsbrief van de Belgische Arachnologische Vereniging, 15(1):1-2."
ad-hoc-checklist:taxon:7aa6ab0e614871879791b7e776b48f82,ISO_3166-2:BE-VLG,Flemish Region,BE,present,introduced,2010/2014,
ad-hoc-checklist:taxon:7aa6ab0e614871879791b7e776b48f82,ISO_3166-2:BE-WAL,Walloon Region,BE,present,introduced,2018/2018,
ad-hoc-checklist:taxon:7aea5e381c2a5a9594c555f1a1c5cd31,ISO_3166-2:BE-VLG,Flemish Region,BE,present,introduced,2001/2001,"Alderweireldt, M. 2002. Reizende Salticidae: Pellenes geniculatus (Simon, 1868) nieuw voor de Belgische fauna (Araneae, Salticidae). Nieuwsbrief van de Belgische Arachnologische Vereniging, 17(3):65-66."
ad-hoc-checklist:taxon:7bf757351f427338df3940f9aab34a25,ISO_3166-2:BE-VLG,Flemish Region,BE,present,introduced,1981/2018,Van Loen et al. 2006 rode lijst
ad-hoc-checklist:taxon:7c135fd9079e223ad0ca34d4a62d80ec,ISO_3166-2:BE-VLG,Flemish Region,BE,present,introduced,2010/2018,Thonissen_Jagen
ad-hoc-checklist:taxon:7c9104fee9ebf9aec00717959e423e75,ISO_3166-2:BE-VLG,Flemish Region,BE,present,introduced,2006/2017,https://www.natuurpunt.be/nieuws/taiwanese-rattenslang-plant-zich-voort-dankzij-microklimaat-20160707
ad-hoc-checklist:taxon:7cc09d9ea9111f118d55552bf28c7342,ISO_3166-2:BE,Belgium,BE,present,introduced,2018/2018,
ad-hoc-checklist:taxon:7da4576fcbf87e1642f69d1a258f65e0,ISO_3166-2:BE-VLG,Flemish Region,BE,present,introduced,2018/2018,
ad-hoc-checklist:taxon:7dc4109a8263eea9de33e54c3a7af33e,ISO_3166-2:BE-VLG,Flemish Region,BE,present,introduced,1834/2018,"Adam, 1947"
ad-hoc-checklist:taxon:7ec84fdc7a5052ad2f87d9e86518e6dd,ISO_3166-2:BE-VLG,Flemish Region,BE,present,introduced,2012/2012,"Kekenbosch, R. & Baert, L. 2013. Découverte d’Erigone dentosa (O.P.- Cambridge, 1894) (Araneae: Linyphiidae, Erigoninae) en Belgique. Nieuwsbrief van de Belgische Arachnologische Vereniging, 28(1,2): 32-34."
ad-hoc-checklist:taxon:7f4506f8410b902e2a8717c152437b4a,ISO_3166-2:BE-VLG,Flemish Region,BE,present,introduced,2018/2018,
ad-hoc-checklist:taxon:7ff57a1db71818f397c94f82bbfc6ab2,ISO_3166-2:BE,Belgium,BE,present,introduced,2018/2018,
ad-hoc-checklist:taxon:80cb6f7d60d1ed09ca92b75c7d224860,ISO_3166-2:BE-WAL,Walloon Region,BE,present,introduced,2013/2016,
ad-hoc-checklist:taxon:8237b409cab033b4e94b86cc7b488bdd,ISO_3166-2:BE-VLG,Flemish Region,BE,present,introduced,2003/2003,https://www.nieuwsblad.be/cnt/nbra07062003_005
ad-hoc-checklist:taxon:824311a99094a22ffbfd288d1b664042,ISO_3166-2:BE-VLG,Flemish Region,BE,present,introduced,2009-07-17/2018,"Aukema, B., Bruers, J., & Viskens, G. (2007). Nieuwe en zeldzame Belgische wantsen II (Hemiptera: Heteroptera). Bulletin de la Société Royale Belge d'Entomologie= Bulletin van de Koninklijke Belgische Vereniging voor Entomologie, 143, 83-91."
ad-hoc-checklist:taxon:83058f25f09209eb5bb906f7f227076b,ISO_3166-2:BE,Belgium,BE,present,introduced,2018/2018,
ad-hoc-checklist:taxon:843f33e3e64980d12946fe852b4e0e1e,ISO_3166-2:BE-VLG,Flemish Region,BE,present,introduced,2000/2015,"Verbeylen, G. (2003) in Verkem, S., De Maeseneer, J., Vandendriessche, B., Verbeylen, G. & Yskout, S. Zoogdieren in Vlaanderen. Ecologie en verspreiding van 1987 tot 2002. Natuurpunt Studie en JNM-Zoogdierenwerkgroep, Mechelen en Gent, België."
ad-hoc-checklist:taxon:846732b11003be3bd59d2a562e474115,ISO_3166-2:BE,Belgium,BE,present,introduced,2018/2018,"Lock, K. (2006) Belgian Thysanoptera in the collections of the royal belgian institute of natural sciences. Bulletin de la Société royale belge d’Entomologie/Bulletin van de Koninklijke Belgische Vereniging voor Entomologie 142: 34-37"
ad-hoc-checklist:taxon:86691b2598f39264e9a3bd47e03a6c3b,ISO_3166-2:BE-VLG,Flemish Region,BE,present,introduced,2007/2018,Van den Berge Zoogdier http://www.zoogdierwinkel.nl/sites/default/files/imce/nieuwesite/Winkel/pdf%20download/Zoogdier_Jaargang_19_2_2008_JUN_0.pdf
ad-hoc-checklist:taxon:86bd48e529effdadb17ae22c627a2cfc,ISO_3166-2:BE,Belgium,BE,present,introduced,2018/2018,"Lock, K. (2006) Belgian Thysanoptera in the collections of the royal belgian institute of natural sciences. Bulletin de la Société royale belge d’Entomologie/Bulletin van de Koninklijke Belgische Vereniging voor Entomologie 142: 34-37"
ad-hoc-checklist:taxon:88478f40930aef17317c6fd3da72d85d,ISO_3166-2:BE-VLG,Flemish Region,BE,present,introduced,2006/2018,"Drumont, A., Smets, K., Scheers, K., Thomaes, A., Vandenhoudt, R. & Lodewijckx, M. (2014). Callidiellum rufipenne (Motschulsky, 1861) en Belgique: bilan de sa présence et de son installation sur notre territoire (Coleoptera, Cerambycidae, Cerambycinae). Bulletin van de Koninklijke Belgische Vereniging voor Entomologie 150 (3): 239-249."
ad-hoc-checklist:taxon:88627d76bc3654a2ed35457cf7523ca5,ISO_3166-2:BE-VLG,Flemish Region,BE,present,introduced,1924/2018,"Adam, 1947"
ad-hoc-checklist:taxon:8873880655c02fba04991792070af84b,ISO_3166-2:BE-VLG,Flemish Region,BE,present,introduced,2011/2011,ARABEL exotendatabank (2018-08-10)
ad-hoc-checklist:taxon:8950c3e5fce034aa855b8e304d8e9ba0,ISO_3166-2:BE-VLG,Flemish Region,BE,present,introduced,2008/2018,"Chérot, F., Aukema,B., Bruers,J.& Viskens,G. (2011) Exotic species of Aradidae nad Miridae recently found in Antwerp harbour, bull KBVE 147: 15-19"
ad-hoc-checklist:taxon:8be906708dd3ac00b6f4e2a51c98d60e,ISO_3166-2:BE-VLG,Flemish Region,BE,present,introduced,1969/2018,VLIZ list
ad-hoc-checklist:taxon:8c25f1e6e28f072b9a462cdd61e1fa7e,ISO_3166-2:BE-VLG,Flemish Region,BE,present,introduced,1992/1992,"Van Keer, J. 1992. Achaearanea veruculata (Urquhart, 1885): nieuw voor België of toevallige gast? Nieuwsbrief van de Belgische Arachnologische Vereniging, 8(1):21."
ad-hoc-checklist:taxon:8da36a54202d74f1e3ff0f2e53d280ed,ISO_3166-2:BE-VLG,Flemish Region,BE,present,introduced,1966/2018,"Jacques & Lambinon 1968, Stieperaere & Jacques 1995"
ad-hoc-checklist:taxon:8dba1db798ac82fd23df611226c00e36,ISO_3166-2:BE,Belgium,BE,present,introduced,2018/2018,"Lock, K. (2006) Belgian Thysanoptera in the collections of the royal belgian institute of natural sciences. Bulletin de la Société royale belge d’Entomologie/Bulletin van de Koninklijke Belgische Vereniging voor Entomologie 142: 34-37"
ad-hoc-checklist:taxon:9156bb39d7c48d6c00015f10356c378a,ISO_3166-2:BE-VLG,Flemish Region,BE,present,introduced,1864/2018,"Compère, P., 1992. Charophytes. Flora pratique des algues d’eau douce de Belgique, 4. Jardin botanique nationale de Belgique, B-1860 Meise."
ad-hoc-checklist:taxon:9193662b53b3a13a1eb20fb8a6422ed7,ISO_3166-2:BE,Belgium,BE,present,introduced,2018/2018,
ad-hoc-checklist:taxon:91d26c444cd8116edde2f0a64f553d5f,ISO_3166-2:BE-VLG,Flemish Region,BE,present,introduced,2001/2001,"Van Keer K. & Van Keer, J., 2001. Ingeburgerde exotische trilspinnen (Araneae: Pholcidae) in de Antwerpse haven en enkele algemene bedenkingen bij spinnenmigratie. Nieuwsbrief van de Belgische Arachnologische Vereniging, 16: 81-86."
ad-hoc-checklist:taxon:91ee6ec970ae60ec93cf6fe6ce65b594,ISO_3166-2:BE-BRU,Brussels-Capital Region,BE,present,introduced,1911/2018,Bondroit 1911
ad-hoc-checklist:taxon:93b6e751b04f63ec59eb0b55743724c1,ISO_3166-2:BE-VLG,Flemish Region,BE,present,introduced,1976/2018,Van Loen et al. 2006 rode lijst
ad-hoc-checklist:taxon:93e8daa0c142afee8b7c23beaf6fd881,ISO_3166-2:BE-VLG,Flemish Region,BE,present,introduced,2004-03-16/2004-09-22,"Aukema B, Bruers JM, Viskens G (2005b) A New Zealand endemic Nysius established in the NL and BE (Heteroptera: Lygaeidae). Belgian Journal of Entomology 7: 37–43."
ad-hoc-checklist:taxon:93e8daa0c142afee8b7c23beaf6fd881,ISO_3166-2:BE-WAL,Walloon Region,BE,present,introduced,2004-09-07/2018,"Aukema B, Bruers JM, Viskens G (2005b) A New Zealand endemic Nysius established in the NL and BE (Heteroptera: Lygaeidae). Belgian Journal of Entomology 7: 37–43."
ad-hoc-checklist:taxon:93f032ef550764f09f06b824bfe26168,ISO_3166-2:BE-VLG,Flemish Region,BE,present,introduced,2011/2012,https://www.natuurpunt.be/nieuws/spaanse-ribbensalamanders-weggevangen-neeroeteren-20120710
ad-hoc-checklist:taxon:97e0c3c6761da310202ce679ffb02f0e,ISO_3166-2:BE-VLG,Flemish Region,BE,present,introduced,1968/2018,
ad-hoc-checklist:taxon:99261d947ec57efce581fccaa4100e67,ISO_3166-2:BE-VLG,Flemish Region,BE,present,introduced,2014/2018,"Ronsmans, J. & Van den Neucker T. (2016) A persistent population of the chocolate-band snail Eobania vermiculata (Gastropoda: Helicidae) in Belgium. Belg. J. Zool., 146 (1): 66-68"
ad-hoc-checklist:taxon:9acf4ea73c290cdcdf5226cb0867d4b3,ISO_3166-2:BE-VLG,Flemish Region,BE,present,introduced,1984/2017,"Segers, H. 1986. Uloborus plumipes Lucas, nieuw voor de Belgische fauna. Nieuwsbrief van de Belgische Arachnologische Vereniging, 1(1):18-19."
ad-hoc-checklist:taxon:9bda103d1eca12d0c913a9831925da85,ISO_3166-2:BE,Belgium,BE,present,introduced,2018/2018,
ad-hoc-checklist:taxon:9db3ec2b2970a36239e47538fc1c1257,ISO_3166-2:BE-VLG,Flemish Region,BE,present,introduced,2001/2001,"Van Keer, K. 2007. Exotic spiders (Araneae): Verified reports from Belgium of imported species (1976-2006) and some notes on apparent neozoan invasive species. Nieuwsbrief van de Belgische Arachnologische Vereniging, 22(2):45-54."
ad-hoc-checklist:taxon:9e314e6a42d182ccfbd8c2d58095f852,ISO_3166-2:BE-VLG,Flemish Region,BE,present,introduced,1985/2018,"Belpaire, C.; De Charleroy, D. (Ed.) (1985). Onderzoek naar de gezondheidstoestand van vissen bestemd voor uitzetting. Laboratorium voor Ekologie en Faunabeheer: Leuven. 32 pp."
ad-hoc-checklist:taxon:9f818804cf4820a105305a9e87d16d64,ISO_3166-2:BE-VLG,Flemish Region,BE,present,introduced,2018/2018,
ad-hoc-checklist:taxon:9ff05227e4481f8f997eab5ab232e364,ISO_3166-2:BE-VLG,Flemish Region,BE,present,introduced,2018/2018,
ad-hoc-checklist:taxon:a014122f89fe277d61cc4da345908816,ISO_3166-2:BE-VLG,Flemish Region,BE,present,introduced,1999/2002,"Van Keer, K. & Van Keer, J. 2003. In België aangetroffen exoten (Araneae) uit de collectie J. Van Keer. Nieuwsbrief van de Belgische Arachnologische Vereniging, 18(2-3):78-83."
ad-hoc-checklist:taxon:a0b463a183554c862740d146a60baa60,ISO_3166-2:BE,Belgium,BE,present,introduced,2018/2018,"Coulon, G. (1994). Sur la decouverte en Belgique du Stelidota geminata (Say, 1825)(Coleoptera, Nitidulidae). In Bulletin et Annales de la Société Royal Belge d’Entomologie (Vol. 130, pp. 114-115)."
ad-hoc-checklist:taxon:a0be227e2f527ac9e9902c824c4ec6d5,ISO_3166-2:BE-WAL,Walloon Region,BE,present,introduced,2013/2018,
ad-hoc-checklist:taxon:a1190a1b9d26fcf997617cb27b571be0,ISO_3166-2:BE-VLG,Flemish Region,BE,present,introduced,2001/2014,http://www.bladmineerders.be/nl/content/macrosaccus-robiniella-clemens-1859
ad-hoc-checklist:taxon:a3d968104cbecfd22770eef8399063a1,ISO_3166-2:BE-VLG,Flemish Region,BE,present,introduced,2016/2016,https://waarnemingen.be/waarneming/view/121300320
ad-hoc-checklist:taxon:a7a02eb563154058a27537a52f4ede7d,ISO_3166-2:BE-VLG,Flemish Region,BE,present,introduced,2004/2018,"Lambeets, K., Bosmans, R. & Bonte, D. 2007. Two exotic spider species (Araneae), Zoropsis spinimana (Zoropsidae) and Saitis barbipes (Salticidae), recently found in the inner city of Ghent (Belgium). Nieuwsbrief van de Belgische Arachnologische Vereniging, 22(2):55-60."
ad-hoc-checklist:taxon:a97c61bf6ffc7c039169ae517c9769a9,ISO_3166-2:BE-VLG,Flemish Region,BE,present,introduced,1866/2018,Van Loen et al. 2006 rode lijst
ad-hoc-checklist:taxon:a9f23462ed9b096a1d5f29fdca8d089c,ISO_3166-2:BE-VLG,Flemish Region,BE,present,introduced,1972/2018,Van Goethem & Backeljau 2002
ad-hoc-checklist:taxon:aa90d71599ed98710da1e2c4a133e5d2,ISO_3166-2:BE-VLG,Flemish Region,BE,present,introduced,2008/2018,"Versteirt et al. (2012) Bionomics of the Established Exotic Mosquito Species Aedes koreicus in Belgium, Europe. J. Med. Entomol. 49(6): 1226-1232. https://doi.org/10.1603/ME11170"
ad-hoc-checklist:taxon:aad6c377da61735b1c5461e877edf03f,ISO_3166-2:BE-VLG,Flemish Region,BE,present,introduced,2001/2007,Hyla databank
ad-hoc-checklist:taxon:aca12e90b486c7ac8d79b0f1fb7eea15,ISO_3166-2:BE-VLG,Flemish Region,BE,present,introduced,2011/2011,ARABEL exotendatabank (2018-08-10)
ad-hoc-checklist:taxon:ae2435f0cb469c0b102b15f171865e23,ISO_3166-2:BE-VLG,Flemish Region,BE,present,introduced,2010/2018,"Vanherke, L. Hooiwagens in België – een overzicht. Nieuwsbr. Belg. Arachnol. Ver. (2010),25(2): 138 | Wijnhoven, H., Schönhofer, A.L. & Martens, J., 2007. An unidentified harvestman Leiobunum sp. alarmingly invading Europe (Opiliones). Arachnologische Mitteilungen, 34: 27-38."
ad-hoc-checklist:taxon:ae2435f0cb469c0b102b15f171865e23,ISO_3166-2:BE-WAL,Walloon Region,BE,present,introduced,2009/2018,"Vanherke, L. Hooiwagens in België – een overzicht. Nieuwsbr. Belg. Arachnol. Ver. (2010),25(2): 138 | Wijnhoven, H., Schönhofer, A.L. & Martens, J., 2007. An unidentified harvestman Leiobunum sp. alarmingly invading Europe (Opiliones). Arachnologische Mitteilungen, 34: 27-38."
ad-hoc-checklist:taxon:ae7eec3cf884d2e57367ee05dcba4684,ISO_3166-2:BE-VLG,Flemish Region,BE,present,introduced,2007/2018,Van den Berge Zoogdier http://www.zoogdierwinkel.nl/sites/default/files/imce/nieuwesite/Winkel/pdf%20download/Zoogdier_Jaargang_19_2_2008_JUN_0.pdf
ad-hoc-checklist:taxon:ae80a81ee4f076c202e981afd3d91ce4,ISO_3166-2:BE-VLG,Flemish Region,BE,present,introduced,2004/2017,http://www.hylawerkgroep.be/files/0048/hyla_flits_017_censuur.pdf
ad-hoc-checklist:taxon:af4279693fdd1add7a08a04dc97d7848,ISO_3166-2:BE-VLG,Flemish Region,BE,present,introduced,2018/2018,Jan Soors pers comm
ad-hoc-checklist:taxon:af6359f8bf50c30567340c337618be96,ISO_3166-2:BE-VLG,Flemish Region,BE,present,introduced,1999/1999,"Janssen, M. 1999. De ""redback"" (Latrodectus hasselti) in Limburg: verslag van een mogelijke kolonisatie. Nieuwsbrief van de Belgische Arachnologische Vereniging, 14(2-3):83-85."
ad-hoc-checklist:taxon:afbd9b90e11231cfc51a472afec2e3bb,ISO_3166-2:BE,Belgium,BE,present,introduced,2018/2018,"Lock, K. (2006) Belgian Thysanoptera in the collections of the royal belgian institute of natural sciences. Bulletin de la Société royale belge d’Entomologie/Bulletin van de Koninklijke Belgische Vereniging voor Entomologie 142: 34-37"
ad-hoc-checklist:taxon:b11e7d0c22ce4643b57552f968a5b36c,ISO_3166-2:BE-VLG,Flemish Region,BE,present,introduced,2018/2018,
ad-hoc-checklist:taxon:b151e5839b2b692e8d1a0dc3cf0ae6ca,ISO_3166-2:BE-VLG,Flemish Region,BE,present,introduced,2018/2018,
ad-hoc-checklist:taxon:b1dc326d2ca46f89ddf3f841a1c4a108,ISO_3166-2:BE-VLG,Flemish Region,BE,present,introduced,2003/2018,"Dekoninck, W, Maelfait, J-P, Vankerkhoven, F, Baugnée, J-Y, and Grootaert, P, 2006. An update of the clecklist of the Belgian ant fauna with comments on new species for the country (Hymenoptera, Formicidae). Belgian Journal of Entomology 8, 27-41."
ad-hoc-checklist:taxon:b26fdc638376907d27c4ee9fbb486795,ISO_3166-2:BE-VLG,Flemish Region,BE,present,introduced,2010/2011,
ad-hoc-checklist:taxon:b303ff59fd9219ebb30b25b2be2f5c7f,ISO_3166-2:BE-VLG,Flemish Region,BE,present,introduced,1980/2018,"Dekoninck W, Ignace D & Wegnez P, 2010. Records of a new pest ant species in Belgium, Technomyrmex vitiensis Mann, 1921. Bulletin S.R.B.E./K.B.V.E., 146: 83-90."
ad-hoc-checklist:taxon:b4cf0aba64bc041909012c9a9f30af50,ISO_3166-2:BE-VLG,Flemish Region,BE,present,introduced,2006/2006,"Van Keer, K., De Koninck, H., Vanuytven, H. & Van Keer, J. 2006. Some -mostly southern European- spider species (Araneae), new or rare to the Belgian fauna, found in the city of Antwerp. Nieuwsbrief van de Belgische Arachnologische Vereniging, 21(2):33-40."
ad-hoc-checklist:taxon:b50dcf05fae1d77c615d4e36b48d4c3d,ISO_3166-2:BE-VLG,Flemish Region,BE,present,introduced,1899/2018,VLIZ list
ad-hoc-checklist:taxon:b577f19eaa5a4484840ef9e20b483b77,ISO_3166-2:BE-WAL,Walloon Region,BE,present,introduced,2018/2018,
ad-hoc-checklist:taxon:b5cde970ffbbfe292192d929676defcb,ISO_3166-2:BE-VLG,Flemish Region,BE,present,introduced,1869/2018,"Adam, 1960 Adam, 1947"
ad-hoc-checklist:taxon:b9d94142fc7c7d6afec33a094c166798,ISO_3166-2:BE-VLG,Flemish Region,BE,present,introduced,2018/2018,https://waarnemingen.be/waarneming/view/149645919
ad-hoc-checklist:taxon:b9d94142fc7c7d6afec33a094c166798,ISO_3166-2:BE-BRU,Brussels-Capital Region,BE,present,introduced,2006/2017,"Bogaert, J. 2008. Australisch lieveheersbeestje Rhyzobius forestieri gevonden te Brussel. Coccinula 15:6-8."
ad-hoc-checklist:taxon:ba1a355a9291fa639987093f37a520dc,ISO_3166-2:BE-VLG,Flemish Region,BE,present,introduced,2007/2013,"Henrard, A., Van Keer, J. & Jocqué, R. (2014). On the spider species Oecobius amboseli Shear & Benoit, 1974 (Araneae; Oecobiidae) newly found in Belgium and Rwanda. Nieuwsbrief van de Belgische Arachnologische Vereniging, 29(1,2): 1-8."
ad-hoc-checklist:taxon:bd2aa8e750928f3328aadc139fd9468c,ISO_3166-2:BE-VLG,Flemish Region,BE,present,introduced,1992/1992,"Janssen, M. 1996. Merkwaardige spinnenfauna op de mijnterril te Waterschei (Limburg, België). Likona Jaarboek, 1996:37-44."
ad-hoc-checklist:taxon:be96cf04947663eb0bf8776e9773b75a,ISO_3166-2:BE-VLG,Flemish Region,BE,present,introduced,2014/2014,ARABEL exotendatabank (2018-08-10)
ad-hoc-checklist:taxon:bf2792a884b3220f132d1e16ec6480b3,ISO_3166-2:BE-WAL,Walloon Region,BE,present,introduced,2017/2018,
ad-hoc-checklist:taxon:bf5830921f091ece6e0bddf486329fe1,ISO_3166-2:BE-VLG,Flemish Region,BE,present,introduced,2011/2018,"De Blauwe, H., Faasse, M. (2001). Extension of the range of the Bryozoans Tricellaria inopinata and Bugula simplex in the north-east Atlantic ocean (Bryozoa: Cheilostomatida) Ned. Faunist. Meded. 14: 103-112"
ad-hoc-checklist:taxon:c0c9cd1c21da4c817adb6003f8bb5bd7,ISO_3166-2:BE-VLG,Flemish Region,BE,present,introduced,2018/2018,https://waarnemingen.be/waarneming/view/150305908
ad-hoc-checklist:taxon:c2752e3916719b68c39881698c8dd712,ISO_3166-2:BE-VLG,Flemish Region,BE,present,introduced,2000/2016,"Schaffner F, Van Bortel W, Coosemans M. First record of Aedes (Stegomyia) albopictusin Belgium. J Am Mosq Control Assoc. 2004 Jun;20(2):201-3"
ad-hoc-checklist:taxon:c5cfa3fad2fb039f7dd06671f467b053,ISO_3166-2:BE-VLG,Flemish Region,BE,present,introduced,1999/1999,"Van Keer, K. & Van Keer, J. 2003. In België aangetroffen exoten (Araneae) uit de collectie J. Van Keer. Nieuwsbrief van de Belgische Arachnologische Vereniging, 18(2-3):78-83."
ad-hoc-checklist:taxon:c5da5ae346baceea796d914fbf8779b4,ISO_3166-2:BE-VLG,Flemish Region,BE,present,introduced,2015-08-05/2018,"Ravoet J, Barbier Y, Klein W (2017) First observation of another invasive mud dauber wasp in Belgium: Sceliphron caementarium (Drury, 1773)(Hymenoptera: Sphecidae). Bulletin de la Société royale belge d’Entomologie, 153: 40-42."
ad-hoc-checklist:taxon:c7652f8a4bd180288dd7bb0339fb3532,ISO_3166-2:BE-VLG,Flemish Region,BE,present,introduced,2018/2018,
ad-hoc-checklist:taxon:c9e194d58f903091146e1893275a333c,ISO_3166-2:BE-VLG,Flemish Region,BE,present,introduced,2014/2014,ARABEL exotendatabank (2018-08-10)
ad-hoc-checklist:taxon:cad983be370e624195cba2275c0af12e,ISO_3166-2:BE-VLG,Flemish Region,BE,present,introduced,2011/2018,"Huyse T, Vanhove MPM, Mombaerts M, Volckaert FAM, Verreycken H (2015) Parasite introduction with an invasive goby in Belgium: double trouble? Parasitology Research 114: 2789-2793. https://doi.org/10.1007/s00436-015-4544-6"
ad-hoc-checklist:taxon:cbdc614106cabf7593745bf917c76fb4,ISO_3166-2:BE-VLG,Flemish Region,BE,present,introduced,2015/2015,ARABEL exotendatabank (2018-08-10)
ad-hoc-checklist:taxon:cbec69ccf8c8a22c49424028e1249d46,ISO_3166-2:BE-VLG,Flemish Region,BE,present,introduced,1835/2018,"Verween et al., 2005, Adam, 1947"
ad-hoc-checklist:taxon:cc5026821f97ab1266ca2184fb301fcd,ISO_3166-2:BE,Belgium,BE,present,introduced,2018/2018,
ad-hoc-checklist:taxon:cd1691e4cb907d5a0ac6486f23a6917f,ISO_3166-2:BE-VLG,Flemish Region,BE,present,introduced,2008/2008,"Van Keer, K. 2010. An update on the verified reports of imported spiders (Araneae) from Belgium. Nieuwsbrief Belgische Arachnologische Vereniging 25(3): 210-214."
ad-hoc-checklist:taxon:cd1691e4cb907d5a0ac6486f23a6917f,ISO_3166-2:BE-WAL,Walloon Region,BE,present,introduced,2014/2014,ARABEL exotendatabank (2018-08-10)
ad-hoc-checklist:taxon:cdfc7a143e4d978cd4ca0c83d60fc43d,ISO_3166-2:BE-VLG,Flemish Region,BE,present,introduced,2011/2011,"Van Keer, K. 2011 Exotische spinnen in België. Een stand van zaken en recente trends. Natuur.focus, 10(3): 96-103."
ad-hoc-checklist:taxon:cfc9218998f1ad6c9c12da96b6629754,ISO_3166-2:BE-VLG,Flemish Region,BE,present,introduced,2009/2009,"Van Keer, K. 2010. An update on the verified reports of imported spiders (Araneae) from Belgium. Nieuwsbrief van de Belgische Arachnologische Vereniging 25(3): 210-214."
ad-hoc-checklist:taxon:d22fb25d305ce32b0672c8212c8d9244,ISO_3166-2:BE-VLG,Flemish Region,BE,present,introduced,1999/1999,"Kekenbosch, R. 2008. Captures d'Hasarius adansoni (Audoin, 1826) et de Thanatus vulgaris (Simon, 1870). Nieuwsbrief van de Belgische Arachnologische Vereniging, 23(1):26-27."
ad-hoc-checklist:taxon:d2645a4d4627c6d21c880465db3a350a,ISO_3166-2:BE-VLG,Flemish Region,BE,present,introduced,1971/2018,
ad-hoc-checklist:taxon:d40e2dd76238baec6aed6ea56d9a534b,ISO_3166-2:BE-VLG,Flemish Region,BE,present,introduced,2018/2018,"Verbeylen, G. (2003) in Verkem, S., De Maeseneer, J., Vandendriessche, B., Verbeylen, G. & Yskout, S. Zoogdieren in Vlaanderen. Ecologie en verspreiding van 1987 tot 2002. Natuurpunt Studie en JNM-Zoogdierenwerkgroep, Mechelen en Gent, België."
ad-hoc-checklist:taxon:d4a776a214729a3f11591a68aa900f87,ISO_3166-2:BE,Belgium,BE,present,introduced,2018/2018,"Lock, K. (2006) Belgian Thysanoptera in the collections of the royal belgian institute of natural sciences. Bulletin de la Société royale belge d’Entomologie/Bulletin van de Koninklijke Belgische Vereniging voor Entomologie 142: 34-37"
ad-hoc-checklist:taxon:d5fbeba170ae71d15efd3e15288de2c0,ISO_3166-2:BE-VLG,Flemish Region,BE,present,introduced,1994/2010,"Van Keer, K. & Van Keer, J. 2001. Ingeburgerde exotische trilspinnen (Araneae: Pholcidae) in Antwerpse haven en enkele algemene bedenkingen bij spinnenmigratie. Nieuwsbrief van de Belgische Arachnologische Vereniging, 16(3):81-86."
ad-hoc-checklist:taxon:d74c6f26c07265dba220e65aa59cd69d,ISO_3166-2:BE-VLG,Flemish Region,BE,present,introduced,2018/2018,Anonymus 2008
ad-hoc-checklist:taxon:d7d4634d59911572835b8d68b682df09,ISO_3166-2:BE-VLG,Flemish Region,BE,present,introduced,1975/2018,Anonymus 2008
ad-hoc-checklist:taxon:d91a8abaf72f10b60ce4099bd58542ce,ISO_3166-2:BE-VLG,Flemish Region,BE,present,introduced,1986/1987,"Baert, L. 1987. Ctenidae met bananen ingevoerd in België. Nieuwsbrief van de Belgische Arachnologische Vereniging, 2(1):34."
ad-hoc-checklist:taxon:daf5591ed61c7347c83069840526f4b0,ISO_3166-2:BE-VLG,Flemish Region,BE,present,introduced,2018/2018,
ad-hoc-checklist:taxon:de77f01b3fa727eced57d3cd4899466b,ISO_3166-2:BE-VLG,Flemish Region,BE,present,introduced,2018/2018,
ad-hoc-checklist:taxon:dedfc4db712063102f022beb7a51eb6e,ISO_3166-2:BE-VLG,Flemish Region,BE,present,introduced,1927/2018,"Adam, 1947 Adam, 1960"
ad-hoc-checklist:taxon:def51f65f012deff94348ca9896a2dfc,ISO_3166-2:BE,Belgium,BE,doubtful,introduced,1905-04-16/1905-04-22,"Vanderweyen A & Fraiture A (2014) Catalogue des Ustilaginales sl de Belgique. Lejeunia, Revue de Botanique."
ad-hoc-checklist:taxon:e05ab634ff279f40c68efb49a827234a,ISO_3166-2:BE,Belgium,BE,present,introduced,2018/2018,
ad-hoc-checklist:taxon:e17f60003207e5d8d1330373d72b4dac,ISO_3166-2:BE-VLG,Flemish Region,BE,present,introduced,1965/2018,Van Loen et al. 2006 rode lijst
ad-hoc-checklist:taxon:e1e32560bd162e5ce817ae4ceea074ec,ISO_3166-2:BE,Belgium,BE,present,introduced,2018/2018,
ad-hoc-checklist:taxon:e34a17cad92dd24c7760578f629aba91,ISO_3166-2:BE-VLG,Flemish Region,BE,present,introduced,1978/2018,"Kekenbosch, J. & Baert, L. 1978. Araignées nouvelles pour la faune de Belgique. Bulletin et Annales de la Société Royal Belge d’ Entomologie, 114 : 59-61."
ad-hoc-checklist:taxon:e4fb7dbe7f0b6ccb043d7258b0fb764f,ISO_3166-2:BE-VLG,Flemish Region,BE,present,introduced,2018/2018,
ad-hoc-checklist:taxon:e509231e1de49b07403711a33f421387,ISO_3166-2:BE-VLG,Flemish Region,BE,present,introduced,2002/2002,"Van Keer, K. & Van Keer, J. 2003. In België aangetroffen exoten (Araneae) uit de collectie J. Van Keer. Nieuwsbrief van de Belgische Arachnologische Vereniging, 18(2-3):78-83."
ad-hoc-checklist:taxon:e53dcce2aa6c770d10b926c592279921,ISO_3166-2:BE-VLG,Flemish Region,BE,present,introduced,2015/2015,ARABEL exotendatabank (2018-08-10)
ad-hoc-checklist:taxon:e55a4d1859bbd682ddb51b627098defe,ISO_3166-2:BE-VLG,Flemish Region,BE,present,introduced,2018/2018,
ad-hoc-checklist:taxon:e6e31feacb743f390ac01dbf7d9d4070,ISO_3166-2:BE-VLG,Flemish Region,BE,present,introduced,1956/2017,"De Smedt P, Arijs G, Segers S, Boeraeve P (2017) Woodlice of the green houses at Ghent Botanical Garden and Botanic Garden Meise with two new exotic species for Belgium (Isopoda: Oniscidae). Bulletin de la Société royale belge d’Entomologie/Bulletin van de Koninklijke Belgische Vereniging voor Entomologie, 153: 109-112."
ad-hoc-checklist:taxon:e6e31feacb743f390ac01dbf7d9d4070,ISO_3166-2:BE-BRU,Brussels-Capital Region,BE,present,introduced,1907-11-29/2018,"De Smedt P, Arijs G, Segers S, Boeraeve P (2017) Woodlice of the green houses at Ghent Botanical Garden and Botanic Garden Meise with two new exotic species for Belgium (Isopoda: Oniscidae). Bulletin de la Société royale belge d’Entomologie/Bulletin van de Koninklijke Belgische Vereniging voor Entomologie, 153: 109-112."
ad-hoc-checklist:taxon:e7b1ab902d0c460759a7aaeaa4ef3c12,ISO_3166-2:BE,Belgium,BE,present,introduced,1899-08/2018,"Vanderweyen A & Fraiture A (2014) Catalogue des Ustilaginales sl de Belgique. Lejeunia, Revue de Botanique."
ad-hoc-checklist:taxon:e7ce7d0acb022af236a990ebfa507507,ISO_3166-2:BE-VLG,Flemish Region,BE,present,introduced,2014/2018,"Dekoninck W, Parmentier T & Seifert B, 2016. First records of a supercolonial species of theTapinoma nigerrimumcomplex in Belgium (Hymenoptera : Formicidae).Bulletin S.R.B.E./K.B.V.E, 151: 206-209."
ad-hoc-checklist:taxon:e8c59f026545a1039efee10a17077306,ISO_3166-2:BE,Belgium,BE,present,introduced,2018/2018,
ad-hoc-checklist:taxon:e8c73cf9bebea458fb2cab945c4ea440,ISO_3166-2:BE-BRU,Brussels-Capital Region,BE,present,introduced,2013/2013,https://waarnemingen.be/waarneming/view/80562225
ad-hoc-checklist:taxon:e90ab1c2346eb4d804222a191bbd39c9,ISO_3166-2:BE-VLG,Flemish Region,BE,present,introduced,2011/2012,"Adriaens, T., and G. De Knijf. 2015. A first report of introduced non-native damselfly species (Zygoptera, Coenagrionidae) for Belgium. Belg. J. Zool 145:76-80."
ad-hoc-checklist:taxon:e91e6ad3c7d8fc6a7ad46cf5e2920fc0,ISO_3166-2:BE-VLG,Flemish Region,BE,present,introduced,2018/2018,Steeman & Veraghtert 2011 Natuur.Focus
ad-hoc-checklist:taxon:e989636fe0db1cf91b494b14628c99dd,,,,,introduced,2018/2018,
ad-hoc-checklist:taxon:e9e2c06c197255f5b143056274086f56,ISO_3166-2:BE-VLG,Flemish Region,BE,present,introduced,2008/2008,"Van Keer, K. 2010. An update on the verified reports of imported spiders (Araneae) from Belgium. Nieuwsbrief van de Belgische Arachnologische Vereniging 25(3): 210-214."
ad-hoc-checklist:taxon:ea75f869bf4fef4a9b278a4cca5b17ca,ISO_3166-2:BE-WAL,Walloon Region,BE,present,introduced,2014/2015,unpubl. observation
ad-hoc-checklist:taxon:ea9ce2308eceec4408dc779b2c41e1b5,ISO_3166-2:BE-VLG,Flemish Region,BE,present,introduced,2000/2018,"Holsbeek et al. 2008, 2009, 2010"
ad-hoc-checklist:taxon:eb7400f37768e5a38463282a1acfa295,ISO_3166-2:BE-VLG,Flemish Region,BE,present,introduced,2018/2018,"Van den Neucker T & Scheers K (2014). The recent colonisation and rapid spread in Belgium of the alien girdled snail Hygromia cinctella (Gastropoda: Hygromiidae). Journal
of Conchology, 41(6): 1-2."
ad-hoc-checklist:taxon:eb7400f37768e5a38463282a1acfa295,ISO_3166-2:BE-WAL,Walloon Region,BE,present,introduced,1994/2018,"Van den Neucker T & Scheers K (2014). The recent colonisation and rapid spread in Belgium of the alien girdled snail Hygromia cinctella (Gastropoda: Hygromiidae). Journal
of Conchology, 41(6): 1-2."
ad-hoc-checklist:taxon:ec229aaed3b70bcd59d7f94760622f76,ISO_3166-2:BE-VLG,Flemish Region,BE,present,introduced,1986/1986,"Van Keer, K. 2007. Exotic spiders (Araneae): Verified reports from Belgium of imported species (1976-2006) and some notes on apparent neozoan invasive species. Nieuwsbrief van de Belgische Arachnologische Vereniging, 22(2):45-54."
ad-hoc-checklist:taxon:eca3f594f039612365bc9f2759252af7,ISO_3166-2:BE,Belgium,BE,present,introduced,1900-09-22/1902-08-03,"Vanderweyen A & Fraiture A (2014) Catalogue des Ustilaginales sl de Belgique. Lejeunia, Revue de Botanique."
ad-hoc-checklist:taxon:ee8cf5de4b7621cecee5bbf07496278a,ISO_3166-2:BE-VLG,Flemish Region,BE,present,introduced,2001/2006,"Van Keer, K. & Van Keer, J. 2001. Ingeburgerde exotische trilspinnen (Araneae: Pholcidae) in Antwerpse haven en enkele algemene bedenkingen bij spinnenmigratie. Nieuwsbrief van de Belgische Arachnologische Vereniging, 16(3):81-86."
ad-hoc-checklist:taxon:ef3160b26c1f70d22f528507d9946a05,ISO_3166-2:BE-VLG,Flemish Region,BE,present,introduced,2006/2017,http://www.hylawerkgroep.be/files/0048/hyla_flits_017_censuur.pdf
ad-hoc-checklist:taxon:f09c56016ccab28e3f0602b0eac0b4da,ISO_3166-2:BE,Belgium,BE,present,introduced,2018/2018,"Lock, K. (2006) Belgian Thysanoptera in the collections of the royal belgian institute of natural sciences. Bulletin de la Société royale belge d’Entomologie/Bulletin van de Koninklijke Belgische Vereniging voor Entomologie 142: 34-37"
ad-hoc-checklist:taxon:f18f9214b2bf772321015ba378f1394e,ISO_3166-2:BE-VLG,Flemish Region,BE,present,introduced,2006/2018,Van den Berge Zoogdier http://www.zoogdierwinkel.nl/sites/default/files/imce/nieuwesite/Winkel/pdf%20download/Zoogdier_Jaargang_19_2_2008_JUN_0.pdf
ad-hoc-checklist:taxon:f1f1a32768b381663234cafe4d2dac22,ISO_3166-2:BE-VLG,Flemish Region,BE,present,introduced,2018/2018,
ad-hoc-checklist:taxon:f2819fe0b0ede426eb9490e3a06dd2e3,ISO_3166-2:BE-VLG,Flemish Region,BE,present,introduced,2018/2018,
ad-hoc-checklist:taxon:f3ce196a13f1fce9d15cc2db9d440787,ISO_3166-2:BE-VLG,Flemish Region,BE,present,introduced,2004/2004,"Van Keer, K. 2007. Exotic spiders (Araneae): Verified reports from Belgium of imported species (1976-2006) and some notes on apparent neozoan invasive species. Nieuwsbrief van de Belgische Arachnologische Vereniging, 22(2):45-54."
ad-hoc-checklist:taxon:f3d0959a8575a4a52c8a211e5cc47340,ISO_3166-2:BE-VLG,Flemish Region,BE,present,introduced,1975/2018,"Burny & Parent 1985 | Jooris 2002 | Anonymus 2008 | Holsbeek et al. 2008, 2009, 2010"
ad-hoc-checklist:taxon:f503e5bee64ceed3cfc06ee0d74d9155,ISO_3166-2:BE,Belgium,BE,present,introduced,2018/2018,Verbeelen F (2008) Entomologische bijdragen. III. 1 bijdrage tot de keverfauna (Coleoptera) van Belgie. Exoten. Entomo-Info 19(4): 75.
ad-hoc-checklist:taxon:f7271a35ec4e10840106f492b86e8bb8,ISO_3166-2:BE-VLG,Flemish Region,BE,present,introduced,2018/2018,
ad-hoc-checklist:taxon:f781020a3bca39bc00443963330a85b4,ISO_3166-2:BE-VLG,Flemish Region,BE,present,introduced,2016/2018,
ad-hoc-checklist:taxon:f781020a3bca39bc00443963330a85b4,ISO_3166-2:BE-WAL,Walloon Region,BE,present,introduced,2011/2018,
ad-hoc-checklist:taxon:f7c7818bf27d9ec26a84c9961e80239e,ISO_3166-2:BE-VLG,Flemish Region,BE,present,introduced,2015-10-23/2015-11-11,"Proesmans, W., & De Smedt, P. (2015). The millipede Cylindroiulus britannicus (Verhoeff, 1891) new for the Belgian fauna (Diplopoda: Julidae). Bulletin de la Société royale belge d’Entomologie, 151, 239-242."
ad-hoc-checklist:taxon:f83687040e9fd51e6c9f36e397a917d7,ISO_3166-2:BE-VLG,Flemish Region,BE,present,introduced,2016/2016,ARABEL exotendatabank (2018-08-10)
ad-hoc-checklist:taxon:f91b4c42b31377b277a8eb1aeef594b5,ISO_3166-2:BE-VLG,Flemish Region,BE,present,introduced,2015/2017,unpubl. observation
ad-hoc-checklist:taxon:f9c3ffbeb12488f4e53fd03493d4a64e,ISO_3166-2:BE-VLG,Flemish Region,BE,present,introduced,2013/2018,"Blank SM et al. (2014) Zig-zagging across Central Europe: recent range extension, dispersal speed and larval host of Aproceros leucopoda (Hymenoptera, Argidae) in Germany. Journal of Hymenoptera Research 41: 57-74. https://doi.org/10.3897/JHR.41.8681 | Boevé J-L (2014) 7. Bulletin de la Société Royale Belge d’Entomologie 149: 217–221."
ad-hoc-checklist:taxon:fa606503c94c9b16fff50ff760ccfd2e,ISO_3166-2:BE,Belgium,BE,present,introduced,2018/2018,
ad-hoc-checklist:taxon:fb8de3044136ba88f5a33338f458935c,ISO_3166-2:BE-VLG,Flemish Region,BE,present,introduced,1999/2018,"Sablon et al., 2010, Vandenneuker, Packet et al. Science facing aliens"
ad-hoc-checklist:taxon:fc0756ca816f9a52f7a98d5c26dc9b1f,ISO_3166-2:BE-VLG,Flemish Region,BE,present,introduced,2004/2004,"Kekenbosch, R. 2008. Un cas de morsure de Selenops radiatus Latreille, 1819 (Araneae: Selenopidae). Nieuwsbrief van de Belgische Arachnologische Vereniging, 23(1):28-29."
ad-hoc-checklist:taxon:fc3cffd91760b4eb06bc486d02912bf4,ISO_3166-2:BE-VLG,Flemish Region,BE,present,introduced,2010/2010,"Van Keer, K. 2010. An update on the verified reports of imported spiders (Araneae) from Belgium. Nieuwsbrief van de Belgische Arachnologische Vereniging 25(3): 210-214."
ad-hoc-checklist:taxon:fd373fcdb559cd7b0c5c6099a703533f,ISO_3166-2:BE-VLG,Flemish Region,BE,present,introduced,1911/2018,http://www.formicidae-atlas.be
ad-hoc-checklist:taxon:fdb4e2d32ff94027329a96f5df3924bc,ISO_3166-2:BE-VLG,Flemish Region,BE,present,introduced,1999/2018,
ad-hoc-checklist:taxon:fde72025a042e6ed23c1302dc83114f4,ISO_3166-2:BE-WAL,Walloon Region,BE,present,introduced,1995/2018,
ad-hoc-checklist:taxon:fde72025a042e6ed23c1302dc83114f4,ISO_3166-2:BE-VLG,Flemish Region,BE,present,introduced,2018/2018,
ad-hoc-checklist:taxon:fec1c23f4c58eef8b3fe828ed2b762a5,ISO_3166-2:BE,Belgium,BE,present,introduced,2018/2018,"Lock, K. (2006) Belgian Thysanoptera in the collections of the royal belgian institute of natural sciences. Bulletin de la Société royale belge d’Entomologie/Bulletin van de Koninklijke Belgische Vereniging voor Entomologie 142: 34-37"
