"language","license","rightsHolder","accessRights","datasetID","institutionCode","datasetName","taxonID","scientificName","kingdom","phylum","order","family","genus","taxonRank","nomenclaturalCode"
"en","http://creativecommons.org/publicdomain/zero/1.0/","INBO","https://www.inbo.be/en/norms-data-use","","INBO","Ad hoc checklist of alien species in Belgium","ad-hoc-checklist:taxon:1bee34a7ed0507c7456f97170a71aa99","Entyloma calendulae (Oudem.) de Bary","Fungi","Basidiomycota","Entylomatales","Entylomataceae","Entyloma","species","ICN"
"en","http://creativecommons.org/publicdomain/zero/1.0/","INBO","https://www.inbo.be/en/norms-data-use","","INBO","Ad hoc checklist of alien species in Belgium","ad-hoc-checklist:taxon:024ab15f50739b793e17774229cda610","Entyloma dahliae Syd. & P. Syd.","Fungi","Basidiomycota","Entylomatales","Entylomataceae","Entyloma","species","ICN"
"en","http://creativecommons.org/publicdomain/zero/1.0/","INBO","https://www.inbo.be/en/norms-data-use","","INBO","Ad hoc checklist of alien species in Belgium","ad-hoc-checklist:taxon:27d8964039678e21a18e6a3396b858e6","Entyloma eschscholtziae Harkn.","Fungi","Basidiomycota","Entylomatales","Entylomataceae","Entyloma","species","ICN"
"en","http://creativecommons.org/publicdomain/zero/1.0/","INBO","https://www.inbo.be/en/norms-data-use","","INBO","Ad hoc checklist of alien species in Belgium","ad-hoc-checklist:taxon:50367f653e8ac3a09904d19cbc01f9df","Sporisorium destruens (Schltdl.) Vánky","Fungi","Basidiomycota","Ustilaginales","Ustilaginaceae","Sporisorium","species","ICN"
"en","http://creativecommons.org/publicdomain/zero/1.0/","INBO","https://www.inbo.be/en/norms-data-use","","INBO","Ad hoc checklist of alien species in Belgium","ad-hoc-checklist:taxon:250192366182796bbeb4678741309c34","Thecaphora oxalidis (Ellis & Tracy) M. Lutz, R. Bauer & Piątek","Fungi","Basidiomycota","Ustilaginales","Glomosporiaceae","Thecaphora","species","ICN"
"en","http://creativecommons.org/publicdomain/zero/1.0/","INBO","https://www.inbo.be/en/norms-data-use","","INBO","Ad hoc checklist of alien species in Belgium","ad-hoc-checklist:taxon:0ad501c890258f06d6997b70515ccb28","Urocystis trollii Nannf.","Fungi","Basidiomycota","Urocystidales","Urocystidaceae","Urocystis","species","ICN"
"en","http://creativecommons.org/publicdomain/zero/1.0/","INBO","https://www.inbo.be/en/norms-data-use","","INBO","Ad hoc checklist of alien species in Belgium","ad-hoc-checklist:taxon:28a1bfcc17b3989029e39c009cee2efa","Ustilago maydis (DC.) Corda","Fungi","Basidiomycota","Ustilaginales","Ustilaginaceae","Ustilago","species","ICN"
"en","http://creativecommons.org/publicdomain/zero/1.0/","INBO","https://www.inbo.be/en/norms-data-use","","INBO","Ad hoc checklist of alien species in Belgium","ad-hoc-checklist:taxon:878b8b6d2e6690a8e3821f5cd78f328a","Scutigera coleoptrata (Linnaeus 1758)","Animalia","Arthropoda","Scutigeromorpha","Scutigeridae","Scutigera","species","ICZN"
"en","http://creativecommons.org/publicdomain/zero/1.0/","INBO","https://www.inbo.be/en/norms-data-use","","INBO","Ad hoc checklist of alien species in Belgium","ad-hoc-checklist:taxon:447fdfc3a426263fd3a5cae03cb34204","Cordioniscus stebbingii (Patience, 1907)","Animalia","Arthropoda","Isopoda","Oniscidae","Cordioniscus","species","ICZN"
"en","http://creativecommons.org/publicdomain/zero/1.0/","INBO","https://www.inbo.be/en/norms-data-use","","INBO","Ad hoc checklist of alien species in Belgium","ad-hoc-checklist:taxon:e699d3114bfa375038c6698743598620","Trichorina tomentosa (Budde-Lund, 1893)","Animalia","Arthropoda","Isopoda","Oniscidae","Trichorina","species","ICZN"
"en","http://creativecommons.org/publicdomain/zero/1.0/","INBO","https://www.inbo.be/en/norms-data-use","","INBO","Ad hoc checklist of alien species in Belgium","ad-hoc-checklist:taxon:37885a337af00efc076376cf1343a4bd","Nagurus cristatus (Dollfus, 1889)","Animalia","Arthropoda","Isopoda","Oniscidae","Nagurus","species","ICZN"
"en","http://creativecommons.org/publicdomain/zero/1.0/","INBO","https://www.inbo.be/en/norms-data-use","","INBO","Ad hoc checklist of alien species in Belgium","ad-hoc-checklist:taxon:9c1d6381c9909b0faab09d96df4545d0","Reductoniscus costulatus Kesselyák, 1930","Animalia","Arthropoda","Isopoda","Oniscidae","Reductoniscus","species","ICZN"
"en","http://creativecommons.org/publicdomain/zero/1.0/","INBO","https://www.inbo.be/en/norms-data-use","","INBO","Ad hoc checklist of alien species in Belgium","ad-hoc-checklist:taxon:3dcdd53f09b2fbd82a2139d4d5ea6f18","Synarmadillo","Animalia","Arthropoda","Isopoda","Oniscidae","Synarmadillo","genus","ICZN"
"en","http://creativecommons.org/publicdomain/zero/1.0/","INBO","https://www.inbo.be/en/norms-data-use","","INBO","Ad hoc checklist of alien species in Belgium","ad-hoc-checklist:taxon:50caec46f199dfca763b22e0d0b613de","Sceliphron caementarium (Drury, 1773) caementarium (Drury, 1773)","Animalia","Arthropoda","Hymenoptera","Sphecidae","Sceliphron","species","ICZN"
"en","http://creativecommons.org/publicdomain/zero/1.0/","INBO","https://www.inbo.be/en/norms-data-use","","INBO","Ad hoc checklist of alien species in Belgium","ad-hoc-checklist:taxon:d218ae2f2746927a77133b6f05098ba6","Cylindroiulus britannicus (Verhoeff, 1891)","Animalia","Arthropoda","Julida","Julidae","Cylindroiulus","species","ICZN"
"en","http://creativecommons.org/publicdomain/zero/1.0/","INBO","https://www.inbo.be/en/norms-data-use","","INBO","Ad hoc checklist of alien species in Belgium","ad-hoc-checklist:taxon:7c10a87da5464b41b741a7af47552f77","Epuraea imperialis (Reitter, 1877)","Animalia","Arthropoda","Coleoptera","Nitidulidae","Epuraea","species","ICZN"
"en","http://creativecommons.org/publicdomain/zero/1.0/","INBO","https://www.inbo.be/en/norms-data-use","","INBO","Ad hoc checklist of alien species in Belgium","ad-hoc-checklist:taxon:2b517b632bce0ec1c7b42e3b735be92b","Carpophilus obsoletus Erichson, 1843","Animalia","Arthropoda","Coleoptera","Nitidulidae","Carpophilus","species","ICZN"
"en","http://creativecommons.org/publicdomain/zero/1.0/","INBO","https://www.inbo.be/en/norms-data-use","","INBO","Ad hoc checklist of alien species in Belgium","ad-hoc-checklist:taxon:407ef731b9da5c9d21c9ce33eb5236d3","Stelidota geminata (Say, 1825)","Animalia","Arthropoda","Coleoptera","Nitidulidae","Stelidota","species","ICZN"
"en","http://creativecommons.org/publicdomain/zero/1.0/","INBO","https://www.inbo.be/en/norms-data-use","","INBO","Ad hoc checklist of alien species in Belgium","ad-hoc-checklist:taxon:ab133a2343a31e79e8a81174d5ceb626","Otiorhynchus dieckmanni Magnano, 1979","Animalia","Arthropoda","Coleoptera","Polyphaga","Otiorhynchus","species","ICZN"
"en","http://creativecommons.org/publicdomain/zero/1.0/","INBO","https://www.inbo.be/en/norms-data-use","","INBO","Ad hoc checklist of alien species in Belgium","ad-hoc-checklist:taxon:d4e86c8fbef815b460fa6a2cecfd853c","Meloidogyne artiellia Franklin, 1961","Animalia","Nematoda","Tylenchida","Meloidogynidae","Meloidogyne","species","ICZN"
"en","http://creativecommons.org/publicdomain/zero/1.0/","INBO","https://www.inbo.be/en/norms-data-use","","INBO","Ad hoc checklist of alien species in Belgium","ad-hoc-checklist:taxon:87a18ac95d68ccbd4eb2ca9b1e25f075","Macrosaccus robiniella (Clemens, 1859)","Animalia","Arthropoda","Lepidoptera","Gracillariidae","Macrosaccus","species","ICZN"
"en","http://creativecommons.org/publicdomain/zero/1.0/","INBO","https://www.inbo.be/en/norms-data-use","","INBO","Ad hoc checklist of alien species in Belgium","ad-hoc-checklist:taxon:18b2f02dcd779d8e2085acfa85c50b5a","Harmonia axyridis (Pallas, 1773)","Animalia","Arthropoda","Coleoptera","Coccinellidae","Harmonia","species","ICZN"
"en","http://creativecommons.org/publicdomain/zero/1.0/","INBO","https://www.inbo.be/en/norms-data-use","","INBO","Ad hoc checklist of alien species in Belgium","ad-hoc-checklist:taxon:af0726ffba96327979f2fc87e5eccff8","Cryptolaemus montrouzieri Mulsant, 1853","Animalia","Arthropoda","Coleoptera","Coccinellidae","Cryptolaemus","species","ICZN"
"en","http://creativecommons.org/publicdomain/zero/1.0/","INBO","https://www.inbo.be/en/norms-data-use","","INBO","Ad hoc checklist of alien species in Belgium","ad-hoc-checklist:taxon:82ec35970da932c0c92da5c99ed64fa8","Rhyzobius lophantae (Blaisdell)","Animalia","Arthropoda","Coleoptera","Coccinellidae","Rhyzobius","species","ICZN"
"en","http://creativecommons.org/publicdomain/zero/1.0/","INBO","https://www.inbo.be/en/norms-data-use","","INBO","Ad hoc checklist of alien species in Belgium","ad-hoc-checklist:taxon:fd7ba9fb9a20f36e1e97a7ffafe5dd07","Rhyzobius forestieri (Mulsant, 1853)","Animalia","Arthropoda","Coleoptera","Coccinellidae","Rhyzobius","species","ICZN"
"en","http://creativecommons.org/publicdomain/zero/1.0/","INBO","https://www.inbo.be/en/norms-data-use","","INBO","Ad hoc checklist of alien species in Belgium","ad-hoc-checklist:taxon:b7aec4ca00d46f8a522617ab333fd753","Hippodamia convergens Guérin-Meneville, 1842","Animalia","Arthropoda","Coleoptera","Coccinellidae","Hippodamia","species","ICZN"
"en","http://creativecommons.org/publicdomain/zero/1.0/","INBO","https://www.inbo.be/en/norms-data-use","","INBO","Ad hoc checklist of alien species in Belgium","ad-hoc-checklist:taxon:dea0657a2a7eda7140f1921090f7ab78","Coccinella miranda Wollaston, 1864","Animalia","Arthropoda","Coleoptera","Coccinellidae","Coccinella","species","ICZN"
"en","http://creativecommons.org/publicdomain/zero/1.0/","INBO","https://www.inbo.be/en/norms-data-use","","INBO","Ad hoc checklist of alien species in Belgium","ad-hoc-checklist:taxon:66a451fb2acbe5836cf1afbf8274e1b8","Camponotus vagus (Scopoli, 1763)","Animalia","Arthropoda","Hymenoptera","Formicidae","Camponotus","species","ICZN"
"en","http://creativecommons.org/publicdomain/zero/1.0/","INBO","https://www.inbo.be/en/norms-data-use","","INBO","Ad hoc checklist of alien species in Belgium","ad-hoc-checklist:taxon:69ec9a12c7a86954f2e64c8bec85bd07","Hypoponera punctatissima (Roger, 1859)","Animalia","Arthropoda","Hymenoptera","Formicidae","Hypoponera","species","ICZN"
"en","http://creativecommons.org/publicdomain/zero/1.0/","INBO","https://www.inbo.be/en/norms-data-use","","INBO","Ad hoc checklist of alien species in Belgium","ad-hoc-checklist:taxon:ece234bdbb54323fdb2c05c505b77b43","Hypoponera schauinslandi (Emery, 1899)","Animalia","Arthropoda","Hymenoptera","Formicidae","Hypoponera","species","ICZN"
"en","http://creativecommons.org/publicdomain/zero/1.0/","INBO","https://www.inbo.be/en/norms-data-use","","INBO","Ad hoc checklist of alien species in Belgium","ad-hoc-checklist:taxon:b73cb3072dc4a53f718d3c1b38fa5172","Lasius neglectus van Loon, Boomsma & Andrásfalvy, 1990","Animalia","Arthropoda","Hymenoptera","Formicidae","Lasius","species","ICZN"
"en","http://creativecommons.org/publicdomain/zero/1.0/","INBO","https://www.inbo.be/en/norms-data-use","","INBO","Ad hoc checklist of alien species in Belgium","ad-hoc-checklist:taxon:40d7e559307e8c0d07adb7b9c74f6190","Linepithema humile (Mayr, 1868)","Animalia","Arthropoda","Hymenoptera","Formicidae","Linepithema","species","ICZN"
"en","http://creativecommons.org/publicdomain/zero/1.0/","INBO","https://www.inbo.be/en/norms-data-use","","INBO","Ad hoc checklist of alien species in Belgium","ad-hoc-checklist:taxon:cbc621cdddef2ca3b912d5d401b85fc5","Monomorium pharaonis (Linnaeus, 1758)","Animalia","Arthropoda","Hymenoptera","Formicidae","Monomorium","species","ICZN"
"en","http://creativecommons.org/publicdomain/zero/1.0/","INBO","https://www.inbo.be/en/norms-data-use","","INBO","Ad hoc checklist of alien species in Belgium","ad-hoc-checklist:taxon:fc53be12ef87fde4cb74087d0474c954","Pheidole bilimeki Mayr, 1870","Animalia","Arthropoda","Hymenoptera","Formicidae","Pheidole","species","ICZN"
"en","http://creativecommons.org/publicdomain/zero/1.0/","INBO","https://www.inbo.be/en/norms-data-use","","INBO","Ad hoc checklist of alien species in Belgium","ad-hoc-checklist:taxon:c46260232c6e4c8b3e120f11879ed643","Tapinoma melanocephalum (Fabricius, 1793)","Animalia","Arthropoda","Hymenoptera","Formicidae","Tapinoma","species","ICZN"
"en","http://creativecommons.org/publicdomain/zero/1.0/","INBO","https://www.inbo.be/en/norms-data-use","","INBO","Ad hoc checklist of alien species in Belgium","ad-hoc-checklist:taxon:91822ad298e6219b5f885cfbc20efabe","Technomyrmex vitiensis (Smith, 1861)","Animalia","Arthropoda","Hymenoptera","Formicidae","Technomyrmex","species","ICZN"
"en","http://creativecommons.org/publicdomain/zero/1.0/","INBO","https://www.inbo.be/en/norms-data-use","","INBO","Ad hoc checklist of alien species in Belgium","ad-hoc-checklist:taxon:da765e0230e3c40c6656053214d14819","Tetramorium bicarinatum (Nylander, 1846)","Animalia","Arthropoda","Hymenoptera","Formicidae","Tetramorium","species","ICZN"
"en","http://creativecommons.org/publicdomain/zero/1.0/","INBO","https://www.inbo.be/en/norms-data-use","","INBO","Ad hoc checklist of alien species in Belgium","ad-hoc-checklist:taxon:b666241c6a63e3a1af1fbbb27526d10c","Tetraponera allaborans (Walker, 1859)","Animalia","Arthropoda","Hymenoptera","Formicidae","Tetraponera","species","ICZN"
"en","http://creativecommons.org/publicdomain/zero/1.0/","INBO","https://www.inbo.be/en/norms-data-use","","INBO","Ad hoc checklist of alien species in Belgium","ad-hoc-checklist:taxon:3807924d235fa8bd18fe5b33a6d443e7","Plagiolepis pygmaea (Latreille, 1798)","Animalia","Arthropoda","Hymenoptera","Formicidae","Plagiolepis","species","ICZN"
"en","http://creativecommons.org/publicdomain/zero/1.0/","INBO","https://www.inbo.be/en/norms-data-use","","INBO","Ad hoc checklist of alien species in Belgium","ad-hoc-checklist:taxon:31ec1f83057764de57a2807437cdc2c7","Pheidole anastasii Emery, 1896","Animalia","Arthropoda","Hymenoptera","Formicidae","Pheidole","species","ICZN"
"en","http://creativecommons.org/publicdomain/zero/1.0/","INBO","https://www.inbo.be/en/norms-data-use","","INBO","Ad hoc checklist of alien species in Belgium","ad-hoc-checklist:taxon:d107541ddf00b89510d4ed27718ea868","Paratrechina longicornis (Latreille, 1802)","Animalia","Arthropoda","Hymenoptera","Formicidae","Paratrechina","species","ICZN"
"en","http://creativecommons.org/publicdomain/zero/1.0/","INBO","https://www.inbo.be/en/norms-data-use","","INBO","Ad hoc checklist of alien species in Belgium","ad-hoc-checklist:taxon:0456b9f01c551baee57c69773e09bb3c","Ischnura senegalensis Rambur, 1842","Animalia","Arthropoda","Odonata","Coenagrionidae","Ischnura","species","ICZN"
"en","http://creativecommons.org/publicdomain/zero/1.0/","INBO","https://www.inbo.be/en/norms-data-use","","INBO","Ad hoc checklist of alien species in Belgium","ad-hoc-checklist:taxon:39806b809b84dc016ff8fe58d2ba9f09","Pseudagrion microcephalum Rambur, 1842","Animalia","Arthropoda","Odonata","Coenagrionidae","Pseudagrion","species","ICZN"
"en","http://creativecommons.org/publicdomain/zero/1.0/","INBO","https://www.inbo.be/en/norms-data-use","","INBO","Ad hoc checklist of alien species in Belgium","ad-hoc-checklist:taxon:5eda37e738d18fd515c0c8a8da9d4725","Aedes koreicus (Edwards, 1917)","Animalia","Arthropoda","Diptera","Culicidae","Aedes","species","ICZN"
"en","http://creativecommons.org/publicdomain/zero/1.0/","INBO","https://www.inbo.be/en/norms-data-use","","INBO","Ad hoc checklist of alien species in Belgium","ad-hoc-checklist:taxon:efd7ac1c000b52fb4c231545c248a0aa","Aedes japonicus (Theobald, 1901)","Animalia","Arthropoda","Diptera","Culicidae","Aedes","species","ICZN"
"en","http://creativecommons.org/publicdomain/zero/1.0/","INBO","https://www.inbo.be/en/norms-data-use","","INBO","Ad hoc checklist of alien species in Belgium","ad-hoc-checklist:taxon:1594fcfc956bf2c528be473301fabec2","Anopheles pharoensis Theobald, 1901","Animalia","Arthropoda","Diptera","Culicidae","Anopheles","species","ICZN"
"en","http://creativecommons.org/publicdomain/zero/1.0/","INBO","https://www.inbo.be/en/norms-data-use","","INBO","Ad hoc checklist of alien species in Belgium","ad-hoc-checklist:taxon:1014f2375f0bd0c05dea83978a00caf7","Aedes albopictus Skuse","Animalia","Arthropoda","Diptera","Culicidae","Aedes","species","ICZN"
"en","http://creativecommons.org/publicdomain/zero/1.0/","INBO","https://www.inbo.be/en/norms-data-use","","INBO","Ad hoc checklist of alien species in Belgium","ad-hoc-checklist:taxon:a5574333e75b19daa52075893943ce68","Potamothrix heuscheri (Bretscher, 1900)","Animalia","Annelida","Haplotaxida","Naididae","Potamothrix","species","ICZN"
"en","http://creativecommons.org/publicdomain/zero/1.0/","INBO","https://www.inbo.be/en/norms-data-use","","INBO","Ad hoc checklist of alien species in Belgium","ad-hoc-checklist:taxon:b060f6a6a36215a11f393ab819255939","Pleurodeles waltl Michahelles, 1830","Animalia","Chordata","Caudata","Salamandridae","Pleurodeles","species","ICZN"
"en","http://creativecommons.org/publicdomain/zero/1.0/","INBO","https://www.inbo.be/en/norms-data-use","","INBO","Ad hoc checklist of alien species in Belgium","ad-hoc-checklist:taxon:b6a151abc48ac5cef8699d59985f7e78","Rhinella marina (Linnaeus, 1758)","Animalia","Chordata","Anura","Bufonidae","Rhinella","species","ICZN"
"en","http://creativecommons.org/publicdomain/zero/1.0/","INBO","https://www.inbo.be/en/norms-data-use","","INBO","Ad hoc checklist of alien species in Belgium","ad-hoc-checklist:taxon:182cd06b3cf0bff6264ccdf9e24e529e","Pelophylax ridibundus (Pallas, 1771)","Animalia","Chordata","Anura","Ranidae","Pelophylax","species","ICZN"
"en","http://creativecommons.org/publicdomain/zero/1.0/","INBO","https://www.inbo.be/en/norms-data-use","","INBO","Ad hoc checklist of alien species in Belgium","ad-hoc-checklist:taxon:09a2e0b97a210cd1eea5183191b788c3","Podarcis siculus (Rafinesque-schmaltz, 1810)","Animalia","Chordata","Squamata","Lacertidae","Podarcis","species","ICZN"
"en","http://creativecommons.org/publicdomain/zero/1.0/","INBO","https://www.inbo.be/en/norms-data-use","","INBO","Ad hoc checklist of alien species in Belgium","ad-hoc-checklist:taxon:3cd9d674e6efc1419ca4ddcf6d3310cc","Lacerta viridis s.l.","Animalia","Chordata","Squamata","Lacertidae","Lacerta","species","ICZN"
"en","http://creativecommons.org/publicdomain/zero/1.0/","INBO","https://www.inbo.be/en/norms-data-use","","INBO","Ad hoc checklist of alien species in Belgium","ad-hoc-checklist:taxon:313b3ed4f7eaa5cfb097222e0c14a139","Lithobates catesbeianus (Shaw, 1802)","Animalia","Chordata","Anura","Ranidae","Lithobates","species","ICZN"
"en","http://creativecommons.org/publicdomain/zero/1.0/","INBO","https://www.inbo.be/en/norms-data-use","","INBO","Ad hoc checklist of alien species in Belgium","ad-hoc-checklist:taxon:b9fc62a253ab524c2476c2e8d43e240c","Podarcis muralis (Laurenti, 1768)","Animalia","Chordata","Squamata","Lacertidae","Podarcis","species","ICZN"
"en","http://creativecommons.org/publicdomain/zero/1.0/","INBO","https://www.inbo.be/en/norms-data-use","","INBO","Ad hoc checklist of alien species in Belgium","ad-hoc-checklist:taxon:30f5e7fed36962242ca147c62a25d2c5","Trachemys scripta subsp. elegans (Wied, 1838)","Animalia","Chordata","Testudines","Emydidae","Trachemys","subspecies","ICZN"
"en","http://creativecommons.org/publicdomain/zero/1.0/","INBO","https://www.inbo.be/en/norms-data-use","","INBO","Ad hoc checklist of alien species in Belgium","ad-hoc-checklist:taxon:3f3e6f15a42bf1a1a5f6393e899f08f6","Trachemys scripta subsp. troostii (Holbrook, 1836)","Animalia","Chordata","Testudines","Emydidae","Trachemys","subspecies","ICZN"
"en","http://creativecommons.org/publicdomain/zero/1.0/","INBO","https://www.inbo.be/en/norms-data-use","","INBO","Ad hoc checklist of alien species in Belgium","ad-hoc-checklist:taxon:e8a88ae0e085e72fdc049f31dddb3bca","Graptemys pseudogeographica subsp. pseudogeographica (Gray, 1831)","Animalia","Chordata","Testudines","Emydidae","Graptemys","subspecies","ICZN"
"en","http://creativecommons.org/publicdomain/zero/1.0/","INBO","https://www.inbo.be/en/norms-data-use","","INBO","Ad hoc checklist of alien species in Belgium","ad-hoc-checklist:taxon:bfc3137d99492e3fb38e10b06e922e5d","Pelophylax bedriagae (Camerano, 1882)","Animalia","Chordata","Anura","Ranidae","Pelophylax","species","ICZN"
"en","http://creativecommons.org/publicdomain/zero/1.0/","INBO","https://www.inbo.be/en/norms-data-use","","INBO","Ad hoc checklist of alien species in Belgium","ad-hoc-checklist:taxon:9a62b6b1deb46557e7ef4f1a1e863625","Xenopus laevis (Daudin, 1802)","Animalia","Chordata","Anura","Pipidae","Xenopus","species","ICZN"
"en","http://creativecommons.org/publicdomain/zero/1.0/","INBO","https://www.inbo.be/en/norms-data-use","","INBO","Ad hoc checklist of alien species in Belgium","ad-hoc-checklist:taxon:25238a6717a269593f78001217eaf1a2","Trachemys scripta subsp. scripta (Schoepff, 1792)","Animalia","Chordata","Testudines","Emydidae","Trachemys","subspecies","ICZN"
"en","http://creativecommons.org/publicdomain/zero/1.0/","INBO","https://www.inbo.be/en/norms-data-use","","INBO","Ad hoc checklist of alien species in Belgium","ad-hoc-checklist:taxon:d6fdc55ea1a9f818bc6246d8e536860c","Graptemys pseudogeographica subsp. kohnii (Baur, 1890)","Animalia","Chordata","Testudines","Emydidae","Graptemys","subspecies","ICZN"
"en","http://creativecommons.org/publicdomain/zero/1.0/","INBO","https://www.inbo.be/en/norms-data-use","","INBO","Ad hoc checklist of alien species in Belgium","ad-hoc-checklist:taxon:79e908d74f3fb118ec41efea68df4f71","Pachytriton labiatus (Unterstein, 1930)","Animalia","Chordata","Caudata","Salamandridae","Pachytriton","species","ICZN"
"en","http://creativecommons.org/publicdomain/zero/1.0/","INBO","https://www.inbo.be/en/norms-data-use","","INBO","Ad hoc checklist of alien species in Belgium","ad-hoc-checklist:taxon:f7fc1d2901039cb0c8b4e0e7165b7979","Triturus marmoratus (Latreille, 1800)","Animalia","Chordata","Caudata","Salamandridae","Triturus","species","ICZN"
"en","http://creativecommons.org/publicdomain/zero/1.0/","INBO","https://www.inbo.be/en/norms-data-use","","INBO","Ad hoc checklist of alien species in Belgium","ad-hoc-checklist:taxon:5baafd77721114ff75476339d2f8c884","Orthriophis taeniurus (Cope, 1861)","Animalia","Chordata","Squamata","Colubridae","Orthriophis","species","ICZN"
"en","http://creativecommons.org/publicdomain/zero/1.0/","INBO","https://www.inbo.be/en/norms-data-use","","INBO","Ad hoc checklist of alien species in Belgium","ad-hoc-checklist:taxon:212c736d5a41b81d9d69a87450d4adf2","Natrix natrix (Linnaeus, 1758)","Animalia","Chordata","Squamata","Natricidae","Natrix","species","ICZN"
"en","http://creativecommons.org/publicdomain/zero/1.0/","INBO","https://www.inbo.be/en/norms-data-use","","INBO","Ad hoc checklist of alien species in Belgium","ad-hoc-checklist:taxon:906ca7e6f45a2b207c58622f6d9b69e3","Bellamya chinensis (Gray, 1834)","Animalia","Mollusca",,,"Bellamya","species","ICZN"
"en","http://creativecommons.org/publicdomain/zero/1.0/","INBO","https://www.inbo.be/en/norms-data-use","","INBO","Ad hoc checklist of alien species in Belgium","ad-hoc-checklist:taxon:84f26320056083df9950852e2d8c1c0b","Cacyreus marshalli Butler, 1898","Animalia","Arthropoda","Lepidoptera","Lycaenidae","Cacyreus","species","ICZN"
"en","http://creativecommons.org/publicdomain/zero/1.0/","INBO","https://www.inbo.be/en/norms-data-use","","INBO","Ad hoc checklist of alien species in Belgium","ad-hoc-checklist:taxon:aa1b8c24fc948c810830b4a696ac642f","Paysandisia archon (Burmeister, 1880)","Animalia","Arthropoda","Lepidoptera","Castniidae","Paysandisia","species","ICZN"
"en","http://creativecommons.org/publicdomain/zero/1.0/","INBO","https://www.inbo.be/en/norms-data-use","","INBO","Ad hoc checklist of alien species in Belgium","ad-hoc-checklist:taxon:cf2587b2a61406e8c5b62d58ca4ef041","Callopistria floridensis Guenée, 1852","Animalia","Arthropoda","Lepidoptera","Noctuidae","Callopistria","species","ICZN"
"en","http://creativecommons.org/publicdomain/zero/1.0/","INBO","https://www.inbo.be/en/norms-data-use","","INBO","Ad hoc checklist of alien species in Belgium","ad-hoc-checklist:taxon:5d298713ad0df730898cf2be965a92f7","Thaumatotibia leucotreta (Meyrick, 1913)","Animalia","Arthropoda","Lepidoptera","Tortricidae","Thaumatotibia","species","ICZN"
"en","http://creativecommons.org/publicdomain/zero/1.0/","INBO","https://www.inbo.be/en/norms-data-use","","INBO","Ad hoc checklist of alien species in Belgium","ad-hoc-checklist:taxon:8b094ef3e77371b420c1549a81fdba10","Tricellaria inopinata d'Hondt & Occhipinti Ambrogi, 1985","Animalia","Bryozoa","Cheilostomatida","Candidae","Tricellaria","species","ICZN"
"en","http://creativecommons.org/publicdomain/zero/1.0/","INBO","https://www.inbo.be/en/norms-data-use","","INBO","Ad hoc checklist of alien species in Belgium","ad-hoc-checklist:taxon:98d9b43b919f620115dc607730389ac9","Tropidosteptes pacificus (Van Duzee, 1921)","Animalia","Arthropoda","Hemiptera","Miridae","Tropidosteptes","species","ICZN"
"en","http://creativecommons.org/publicdomain/zero/1.0/","INBO","https://www.inbo.be/en/norms-data-use","","INBO","Ad hoc checklist of alien species in Belgium","ad-hoc-checklist:taxon:263e28f52feb82c109aab9b2b1e10b13","Nysius huttoni FB White, 1878","Animalia","Arthropoda","Hemiptera","Lygaeidae","Nysius","species","ICZN"
"en","http://creativecommons.org/publicdomain/zero/1.0/","INBO","https://www.inbo.be/en/norms-data-use","","INBO","Ad hoc checklist of alien species in Belgium","ad-hoc-checklist:taxon:c9e64e9e1afad4652612a43d974efa15","Aproceros leucopoda Takeuchi, 1939","Animalia","Arthropoda","Hymenoptera","Argidae","Aproceros","species","ICZN"
"en","http://creativecommons.org/publicdomain/zero/1.0/","INBO","https://www.inbo.be/en/norms-data-use","","INBO","Ad hoc checklist of alien species in Belgium","ad-hoc-checklist:taxon:9d707dcb305def3bb6e7190d50859c28","Amanita inopinata D.A. Reid & Bas","Fungi","Agaricomycetes","Agaricales","Amanitaceae","Amanita","species","ICN"
"en","http://creativecommons.org/publicdomain/zero/1.0/","INBO","https://www.inbo.be/en/norms-data-use","","INBO","Ad hoc checklist of alien species in Belgium","ad-hoc-checklist:taxon:791e0e4fb6b3e093fb0b769a61f16788","Chara braunii S.G.Gmel.","Plantae","Charophyta","Charales","Charophyceae","Chara","species","ICN"
"en","http://creativecommons.org/publicdomain/zero/1.0/","INBO","https://www.inbo.be/en/norms-data-use","","INBO","Ad hoc checklist of alien species in Belgium","ad-hoc-checklist:taxon:2206c1b42a4e280779d590255498236f","Acheta domesticus (Linnaeus, 1758)","Animalia","Arthropoda","Orthoptera","Gryllidae","Acheta","species","ICZN"
"en","http://creativecommons.org/publicdomain/zero/1.0/","INBO","https://www.inbo.be/en/norms-data-use","","INBO","Ad hoc checklist of alien species in Belgium","ad-hoc-checklist:taxon:9d8e7dacdcb719bf51e002ab54f630ec","Anacridium aegyptium (Linnaeus, 1764)","Animalia","Arthropoda","Orthoptera","Acrididae","Anacridium","species","ICZN"
"en","http://creativecommons.org/publicdomain/zero/1.0/","INBO","https://www.inbo.be/en/norms-data-use","","INBO","Ad hoc checklist of alien species in Belgium","ad-hoc-checklist:taxon:a871336ba316b0abe0f92ac0bd82ae7d","Meconema meridionale Costa & A., 1860","Animalia","Arthropoda","Orthoptera","Tettigoniidae","Meconema","species","ICZN"
"en","http://creativecommons.org/publicdomain/zero/1.0/","INBO","https://www.inbo.be/en/norms-data-use","","INBO","Ad hoc checklist of alien species in Belgium","ad-hoc-checklist:taxon:0012c46e1094e0e379872a11616cde07","Gryllodes sigillatus (Walker & F., 1869)","Animalia","Arthropoda","Orthoptera","Gryllidae","Gryllodes","species","ICZN"
"en","http://creativecommons.org/publicdomain/zero/1.0/","INBO","https://www.inbo.be/en/norms-data-use","","INBO","Ad hoc checklist of alien species in Belgium","ad-hoc-checklist:taxon:4274881799ce895ef56d3e0f8ae95bbc","Yersinella raymondii (Yersin, 1860)","Animalia","Arthropoda","Orthoptera","Tettigoniidae","Yersinella","species","ICZN"
"en","http://creativecommons.org/publicdomain/zero/1.0/","INBO","https://www.inbo.be/en/norms-data-use","","INBO","Ad hoc checklist of alien species in Belgium","ad-hoc-checklist:taxon:bae0e9fbdf069ce9a787193faaed984d","Gryllomorpha dalmatina","Animalia","Arthropoda","Orthoptera","Gryllidae","Gryllomorpha","species","ICZN"
"en","http://creativecommons.org/publicdomain/zero/1.0/","INBO","https://www.inbo.be/en/norms-data-use","","INBO","Ad hoc checklist of alien species in Belgium","ad-hoc-checklist:taxon:15a5c55bc8233ba7d8635ec185895922","Gryllus bimaculatus","Animalia","Arthropoda","Orthoptera","Gryllidae","Gryllus","species","ICZN"
"en","http://creativecommons.org/publicdomain/zero/1.0/","INBO","https://www.inbo.be/en/norms-data-use","","INBO","Ad hoc checklist of alien species in Belgium","ad-hoc-checklist:taxon:cf16d49fb77a64d786626be451ef5bd8","Tachycines asinamorus","Animalia","Arthropoda","Orthoptera","Rhaphidophoridae","Tachycines","species","ICZN"
"en","http://creativecommons.org/publicdomain/zero/1.0/","INBO","https://www.inbo.be/en/norms-data-use","","INBO","Ad hoc checklist of alien species in Belgium","ad-hoc-checklist:taxon:68916fbeb157ddb262cf755a69576ea0","Vespa velutina Lepeletier, 1836","Animalia","Arthropoda","Hymenoptera","Vespidae","Vespa","species","ICZN"
"en","http://creativecommons.org/publicdomain/zero/1.0/","INBO","https://www.inbo.be/en/norms-data-use","","INBO","Ad hoc checklist of alien species in Belgium","ad-hoc-checklist:taxon:975d58520f60775327fb1305541a202f","Aphanomyces astaci Schikora","Chromista","Heterokontophyta","Saprolegniales","Leptolegniaceae","Aphanomyces","species","ICN"
"en","http://creativecommons.org/publicdomain/zero/1.0/","INBO","https://www.inbo.be/en/norms-data-use","","INBO","Ad hoc checklist of alien species in Belgium","ad-hoc-checklist:taxon:29daf612f3571fa8009cfc178a54613d","Lentinula edodes (Berk.) Pegler","Fungi","Basidiomycota","Agaricales","Omphalotaceae","Lentinula","species","ICN"
"en","http://creativecommons.org/publicdomain/zero/1.0/","INBO","https://www.inbo.be/en/norms-data-use","","INBO","Ad hoc checklist of alien species in Belgium","ad-hoc-checklist:taxon:ab1ea94e252dfb58d79c80aed1f63564","Stropharia aurantiaca (Cooke) M. Imai","Fungi","Basidiomycota","Agaricales","Hymenogastraceae","Stropharia","species","ICN"
"en","http://creativecommons.org/publicdomain/zero/1.0/","INBO","https://www.inbo.be/en/norms-data-use","","INBO","Ad hoc checklist of alien species in Belgium","ad-hoc-checklist:taxon:f8b9189b432e502399002f56b4cff32f","Campylopus introflexus Bridel, 1819","Plantae","Bryophyta",,,,"species","ICN"
"en","http://creativecommons.org/publicdomain/zero/1.0/","INBO","https://www.inbo.be/en/norms-data-use","","INBO","Ad hoc checklist of alien species in Belgium","ad-hoc-checklist:taxon:a6d5baef654883371c71141f1762a85d","Lophocolea semiteres (Lehm.) Mitt.","Plantae","Bryophyta",,,,"species","ICN"
"en","http://creativecommons.org/publicdomain/zero/1.0/","INBO","https://www.inbo.be/en/norms-data-use","","INBO","Ad hoc checklist of alien species in Belgium","ad-hoc-checklist:taxon:dddeed7502b2940f086dc794028721a9","Orthodontium lineare Schwaegrichen, 1827","Plantae","Bryophyta",,,,"species","ICN"
"en","http://creativecommons.org/publicdomain/zero/1.0/","INBO","https://www.inbo.be/en/norms-data-use","","INBO","Ad hoc checklist of alien species in Belgium","ad-hoc-checklist:taxon:ad132753af1ed2414449e14c660fff25","Anoplophora chinensis (Forster, 1771)","Animalia","Arthropoda","Coleoptera","Cerambycidae","Anoplophora","species","ICZN"
"en","http://creativecommons.org/publicdomain/zero/1.0/","INBO","https://www.inbo.be/en/norms-data-use","","INBO","Ad hoc checklist of alien species in Belgium","ad-hoc-checklist:taxon:a9592655784ba65bdc3369e1de7850cb","Anoplophora glabripennis (Motschulsky, 1854)","Animalia","Arthropoda","Coleoptera","Cerambycidae","Anoplophora","species","ICZN"
"en","http://creativecommons.org/publicdomain/zero/1.0/","INBO","https://www.inbo.be/en/norms-data-use","","INBO","Ad hoc checklist of alien species in Belgium","ad-hoc-checklist:taxon:419fa0b2d12adefbb640010c25c7ce7a","Callidiellum rufipenne Niisato, 2007","Animalia","Arthropoda","Coleoptera","Cerambycidae","Callidiellum","species","ICZN"
"en","http://creativecommons.org/publicdomain/zero/1.0/","INBO","https://www.inbo.be/en/norms-data-use","","INBO","Ad hoc checklist of alien species in Belgium","ad-hoc-checklist:taxon:0b6ceb6e80f3bb59484ab7a6454e8aff","Fulvius subnittens","Animalia","Arthropoda",,,,"species","ICZN"
"en","http://creativecommons.org/publicdomain/zero/1.0/","INBO","https://www.inbo.be/en/norms-data-use","","INBO","Ad hoc checklist of alien species in Belgium","ad-hoc-checklist:taxon:e1ca333250a7bbcf63f6bb9f19a443f3","Neuroctenus lestoni","Animalia","Arthropoda",,,,"species","ICZN"
"en","http://creativecommons.org/publicdomain/zero/1.0/","INBO","https://www.inbo.be/en/norms-data-use","","INBO","Ad hoc checklist of alien species in Belgium","ad-hoc-checklist:taxon:d03d9f43ca4ec58282c507d4ea3c3982","Fulvius anthocoroides","Animalia","Arthropoda",,,,"species","ICZN"
"en","http://creativecommons.org/publicdomain/zero/1.0/","INBO","https://www.inbo.be/en/norms-data-use","","INBO","Ad hoc checklist of alien species in Belgium","ad-hoc-checklist:taxon:ddf4bcb8ca7153492a374de1d2c9610f","Spiranthes cernua x S. odorata","Plantae","Embryophyta","Asparagales","Orchidaceae","Spiranthes","species","ICN"
"en","http://creativecommons.org/publicdomain/zero/1.0/","INBO","https://www.inbo.be/en/norms-data-use","","INBO","Ad hoc checklist of alien species in Belgium","ad-hoc-checklist:taxon:92fb0d3a683ca7f8bbc4767c829740c0","Callosciurus erythraeus (Pallas, 1779)","Animalia","Mammalia","Rodentia","Sciurudae","Callosciurus","species","ICZN"
"en","http://creativecommons.org/publicdomain/zero/1.0/","INBO","https://www.inbo.be/en/norms-data-use","","INBO","Ad hoc checklist of alien species in Belgium","ad-hoc-checklist:taxon:424025cedc8deb67c5583fce49d5c6a0","Callosciurus prevostii (Desmarest, 1822)","Animalia","Mammalia","Rodentia","Sciurudae","Callosciurus","species","ICZN"
"en","http://creativecommons.org/publicdomain/zero/1.0/","INBO","https://www.inbo.be/en/norms-data-use","","INBO","Ad hoc checklist of alien species in Belgium","ad-hoc-checklist:taxon:281ac7002383de6f294383362080a01c","Tamiasciurus hudsonicus (Erxleben, 1777)","Animalia","Mammalia","Rodentia","Sciurudae","Tamiasciurus","species","ICZN"
"en","http://creativecommons.org/publicdomain/zero/1.0/","INBO","https://www.inbo.be/en/norms-data-use","","INBO","Ad hoc checklist of alien species in Belgium","ad-hoc-checklist:taxon:a1a77adf993c161c8d236971ada4034e","Sciurus niger Linnaeus, 1758","Animalia","Mammalia","Rodentia","Sciurudae","Sciurus","species","ICZN"
"en","http://creativecommons.org/publicdomain/zero/1.0/","INBO","https://www.inbo.be/en/norms-data-use","","INBO","Ad hoc checklist of alien species in Belgium","ad-hoc-checklist:taxon:49172b005a81e740fe6f1166fc1e6569","Sciurus carolinensis Gmelin, 1788","Animalia","Mammalia","Rodentia","Sciurudae","Sciurus","species","ICZN"
"en","http://creativecommons.org/publicdomain/zero/1.0/","INBO","https://www.inbo.be/en/norms-data-use","","INBO","Ad hoc checklist of alien species in Belgium","ad-hoc-checklist:taxon:fd22982b6c7c220cfc6006be6537570f","Tamias sibiricus (Laxmann, 1769)","Animalia","Mammalia","Rodentia","Sciurudae","Tamias","species","ICZN"
"en","http://creativecommons.org/publicdomain/zero/1.0/","INBO","https://www.inbo.be/en/norms-data-use","","INBO","Ad hoc checklist of alien species in Belgium","ad-hoc-checklist:taxon:faa2afdbb8ff1cd5d9e791268d4b898a","Nyctereutes procyonoides (Gray, 1834)","Animalia","Mammalia","Carnivora","Canidae","Nyctereutes","species","ICZN"
"en","http://creativecommons.org/publicdomain/zero/1.0/","INBO","https://www.inbo.be/en/norms-data-use","","INBO","Ad hoc checklist of alien species in Belgium","ad-hoc-checklist:taxon:1781ab184e6d425bc0e73d15cb986a2c","Procyon cancrivorus","Animalia","Mammalia","Carnivora","Procyonidae","Procyon","species","ICZN"
"en","http://creativecommons.org/publicdomain/zero/1.0/","INBO","https://www.inbo.be/en/norms-data-use","","INBO","Ad hoc checklist of alien species in Belgium","ad-hoc-checklist:taxon:bcce604267423bc36610e9a0d26050c8","Nasua nasua (Linnaeus, 1766)","Animalia","Mammalia","Carnivora","Procyonidae","Nasua","species","ICZN"
"en","http://creativecommons.org/publicdomain/zero/1.0/","INBO","https://www.inbo.be/en/norms-data-use","","INBO","Ad hoc checklist of alien species in Belgium","ad-hoc-checklist:taxon:9dba82e47ca10d793d6b657d9da92329","Mephitis mephitis (Schreber, 1776)","Animalia","Mammalia","Carnivora","Mephitidae","Mephitis","species","ICZN"
"en","http://creativecommons.org/publicdomain/zero/1.0/","INBO","https://www.inbo.be/en/norms-data-use","","INBO","Ad hoc checklist of alien species in Belgium","ad-hoc-checklist:taxon:7f11de4c8fdb0b64c7d7d27b0c6dc2a7","Mustela vison Schreber, 1777","Animalia","Mammalia","Carnivora","Mustelidae","Mustela","species","ICZN"
"en","http://creativecommons.org/publicdomain/zero/1.0/","INBO","https://www.inbo.be/en/norms-data-use","","INBO","Ad hoc checklist of alien species in Belgium","ad-hoc-checklist:taxon:ddaea340c2183ad98505710870b944d0","Sarcophilus harrisii (Boitard, 1841)","Animalia","Mammalia",,"Dasyuridae","Sarcophilus","species","ICZN"
"en","http://creativecommons.org/publicdomain/zero/1.0/","INBO","https://www.inbo.be/en/norms-data-use","","INBO","Ad hoc checklist of alien species in Belgium","ad-hoc-checklist:taxon:d0f9a569b44817fec7ce778a819feb2d","Oryctolagus cuniculus (Linnaeus, 1758)","Animalia","Mammalia","Lagomorpha","Leporidae","Oryctolagus","species","ICZN"
"en","http://creativecommons.org/publicdomain/zero/1.0/","INBO","https://www.inbo.be/en/norms-data-use","","INBO","Ad hoc checklist of alien species in Belgium","ad-hoc-checklist:taxon:2962ba6df4b60c64da97c14d439b1d05","Procyon lotor (Linnaeus, 1758)","Animalia","Mammalia","Carnivora","Procyonidae","Procyon","species","ICZN"
"en","http://creativecommons.org/publicdomain/zero/1.0/","INBO","https://www.inbo.be/en/norms-data-use","","INBO","Ad hoc checklist of alien species in Belgium","ad-hoc-checklist:taxon:4e687f4a4089f3b2788adcd5a19402fc","Meriones unguiculatus (Milne-Edwards, 1867)","Animalia","Mammalia","Rodentia","Muridae","Meriones","species","ICZN"
"en","http://creativecommons.org/publicdomain/zero/1.0/","INBO","https://www.inbo.be/en/norms-data-use","","INBO","Ad hoc checklist of alien species in Belgium","ad-hoc-checklist:taxon:0539430ed39d6e753ca3ba80cf5b2504","Myocastor coypus (Molina, 1782)","Animalia","Mammalia","Rodentia","Myocastoridae","Myocastor","species","ICZN"
"en","http://creativecommons.org/publicdomain/zero/1.0/","INBO","https://www.inbo.be/en/norms-data-use","","INBO","Ad hoc checklist of alien species in Belgium","ad-hoc-checklist:taxon:c67ac2e39b683c99740f2ffd6441d9fa","Rattus norvegicus (Berkenhout, 1769)","Animalia","Mammalia","Rodentia","Muridae","Rattus","species","ICZN"
"en","http://creativecommons.org/publicdomain/zero/1.0/","INBO","https://www.inbo.be/en/norms-data-use","","INBO","Ad hoc checklist of alien species in Belgium","ad-hoc-checklist:taxon:31e12d702c28ef0b797d3f39cfcab976","Muntiacus reevesi (Ogilby, 1839)","Animalia","Mammalia","Artiodactyla","Cervidae","Muntiacus","species","ICZN"
"en","http://creativecommons.org/publicdomain/zero/1.0/","INBO","https://www.inbo.be/en/norms-data-use","","INBO","Ad hoc checklist of alien species in Belgium","ad-hoc-checklist:taxon:f7c8b15d091ed2556c580597f77a6b33","Dama dama (Linnaeus, 1758)","Animalia","Mammalia","Artiodactyla","Cervidae","Dama","species","ICZN"
"en","http://creativecommons.org/publicdomain/zero/1.0/","INBO","https://www.inbo.be/en/norms-data-use","","INBO","Ad hoc checklist of alien species in Belgium","ad-hoc-checklist:taxon:5fe104421fec2c7ec32b5a23d426a316","Cervus nippon Temminck, 1838","Animalia","Mammalia","Artiodactyla","Cervidae","Cervus","species","ICZN"
"en","http://creativecommons.org/publicdomain/zero/1.0/","INBO","https://www.inbo.be/en/norms-data-use","","INBO","Ad hoc checklist of alien species in Belgium","ad-hoc-checklist:taxon:6903c680ae5abdaf3d3ab9f588856e5c","Castor canadensis Kuhl, 1820","Animalia","Mammalia","Rodentia","Castoridae","Castor","species","ICZN"
"en","http://creativecommons.org/publicdomain/zero/1.0/","INBO","https://www.inbo.be/en/norms-data-use","","INBO","Ad hoc checklist of alien species in Belgium","ad-hoc-checklist:taxon:266a6482d548a433c1904385a22dec9e","Cynomys ludovicianus (Ord, 1815)","Animalia","Mammalia","Rodentia","Sciuridae","Cynomys","species","ICZN"
"en","http://creativecommons.org/publicdomain/zero/1.0/","INBO","https://www.inbo.be/en/norms-data-use","","INBO","Ad hoc checklist of alien species in Belgium","ad-hoc-checklist:taxon:5d0a24e1e5042c21fc0230ea2d5e81dd","Ondatra zibethicus (Linnaeus, 1766)","Animalia","Mammalia","Rodentia","Cricetidae","Ondatra","species","ICZN"
"en","http://creativecommons.org/publicdomain/zero/1.0/","INBO","https://www.inbo.be/en/norms-data-use","","INBO","Ad hoc checklist of alien species in Belgium","ad-hoc-checklist:taxon:cd8d4524ce7bf919da62ce2114b45854","Ovis ammon (Linnaeus, 1758)","Animalia","Mammalia","Artiodactyla","Bovidae","Ovis","species","ICZN"
"en","http://creativecommons.org/publicdomain/zero/1.0/","INBO","https://www.inbo.be/en/norms-data-use","","INBO","Ad hoc checklist of alien species in Belgium","ad-hoc-checklist:taxon:cde95df9dfc4b76a4c5bdfba64a375db","Felis catus Linnaeus, 1758","Animalia","Mammalia","Carnivora","Felidae","Felis","species","ICZN"
"en","http://creativecommons.org/publicdomain/zero/1.0/","INBO","https://www.inbo.be/en/norms-data-use","","INBO","Ad hoc checklist of alien species in Belgium","ad-hoc-checklist:taxon:03a84684d07f7ee01dce88b3102c1a14","Rupicapra rupicapra (Linnaeus, 1758)","Animalia","Mammalia","Artiodactyla","Bovidae","Rupicapra","species","ICZN"
"en","http://creativecommons.org/publicdomain/zero/1.0/","INBO","https://www.inbo.be/en/norms-data-use","","INBO","Ad hoc checklist of alien species in Belgium","ad-hoc-checklist:taxon:c51380eefab3f3896a853985f15e661f","Hydrochoerus hydrochaeris (Linnaeus, 1766)","Animalia","Mammalia","Rodentia","Caviidae","Hydrochoerus","species","ICZN"
"en","http://creativecommons.org/publicdomain/zero/1.0/","INBO","https://www.inbo.be/en/norms-data-use","","INBO","Ad hoc checklist of alien species in Belgium","ad-hoc-checklist:taxon:ec03912a38e0bc47087b6ec675391c5f","Dolichotis patagonum (Zimmermann, 1780)","Animalia","Mammalia","Rodentia","Caviidae","Dolichotis","species","ICZN"
"en","http://creativecommons.org/publicdomain/zero/1.0/","INBO","https://www.inbo.be/en/norms-data-use","","INBO","Ad hoc checklist of alien species in Belgium","ad-hoc-checklist:taxon:47d4e1bad5ea8d260745d577f7be4e86","Batrachochytrium salamandrivorans A. Martel, Blooi, Bossuyt & Pasmans, 2013","Fungi","Chytridiomycota",,,"Batrachochytrium","species","ICN"
"en","http://creativecommons.org/publicdomain/zero/1.0/","INBO","https://www.inbo.be/en/norms-data-use","","INBO","Ad hoc checklist of alien species in Belgium","ad-hoc-checklist:taxon:009a39b7eb1c59c7239435505abe5138","Batrachochytrium dendrobatidis Longcore, Pessier & D.K. Nichols","Fungi","Chytridiomycota",,,"Batrachochytrium","species","ICN"
"en","http://creativecommons.org/publicdomain/zero/1.0/","INBO","https://www.inbo.be/en/norms-data-use","","INBO","Ad hoc checklist of alien species in Belgium","ad-hoc-checklist:taxon:1a1701c1dbfa27a1af766ed3b8f7784d","Caenoplana bicolor (Graff, 1899)","Animalia","Platyhelminthes","Tricladida","Geoplanidae","Caenoplana","species","ICZN"
"en","http://creativecommons.org/publicdomain/zero/1.0/","INBO","https://www.inbo.be/en/norms-data-use","","INBO","Ad hoc checklist of alien species in Belgium","ad-hoc-checklist:taxon:736ed3f84e765a39fa1304be34129d8f","Bipalium kewense Moseley, 1878","Animalia","Platyhelminthes","Tricladida","Geoplanidae","Bipalium","species","ICZN"
"en","http://creativecommons.org/publicdomain/zero/1.0/","INBO","https://www.inbo.be/en/norms-data-use","","INBO","Ad hoc checklist of alien species in Belgium","ad-hoc-checklist:taxon:ff413bdd021420a63fb0b8e394c8a4db","Marionfyfea adventor Jones & Sluys, 2016","Animalia","Platyhelminthes","Tricladida","Geoplanidae","Marionfyfea","species","ICZN"
"en","http://creativecommons.org/publicdomain/zero/1.0/","INBO","https://www.inbo.be/en/norms-data-use","","INBO","Ad hoc checklist of alien species in Belgium","ad-hoc-checklist:taxon:dbc0eccc1d01c3c60338c0219aeeafce","Cameraria ohridella Deschka & Dimic, 1986","Animalia","Arthropoda","Lepidoptera","Gracillariidae","Cameraria","species","ICZN"
"en","http://creativecommons.org/publicdomain/zero/1.0/","INBO","https://www.inbo.be/en/norms-data-use","","INBO","Ad hoc checklist of alien species in Belgium","ad-hoc-checklist:taxon:df93951c9b034c246ad8187450e42062","Cameraria gaultheriella (Walsingham, 1889)","Animalia","Arthropoda","Lepidoptera","Gracillariidae","Cameraria","species","ICZN"
"en","http://creativecommons.org/publicdomain/zero/1.0/","INBO","https://www.inbo.be/en/norms-data-use","","INBO","Ad hoc checklist of alien species in Belgium","ad-hoc-checklist:taxon:071befe66e20eaf4918511c59af5ceb0","Achaearanea acoreensis","Animalia","Arachnida",,,,"species","ICZN"
"en","http://creativecommons.org/publicdomain/zero/1.0/","INBO","https://www.inbo.be/en/norms-data-use","","INBO","Ad hoc checklist of alien species in Belgium","ad-hoc-checklist:taxon:5ed5b867a8767903a3eb635ce5321710","Artema atlanta Walckenaer, 1837","Animalia","Arachnida",,"Pholcidae","Artema","species","ICZN"
"en","http://creativecommons.org/publicdomain/zero/1.0/","INBO","https://www.inbo.be/en/norms-data-use","","INBO","Ad hoc checklist of alien species in Belgium","ad-hoc-checklist:taxon:0a5e52ef41cb47fb06b0344f5be9bf3c","Brachypelma albopilosum Valerio, 1980","Animalia","Arachnida",,"Theraphosidae","Brachypelma","species","ICZN"
"en","http://creativecommons.org/publicdomain/zero/1.0/","INBO","https://www.inbo.be/en/norms-data-use","","INBO","Ad hoc checklist of alien species in Belgium","ad-hoc-checklist:taxon:e76bd6a6d82e39e76d34740cd31c00b0","Cerbalus","Animalia","Arachnida",,,,"genus","ICZN"
"en","http://creativecommons.org/publicdomain/zero/1.0/","INBO","https://www.inbo.be/en/norms-data-use","","INBO","Ad hoc checklist of alien species in Belgium","ad-hoc-checklist:taxon:1d22ee1ad9aab05df8d7ec02492f1122","Chaetopelma olivaceum","Animalia","Arachnida",,,,"species","ICZN"
"en","http://creativecommons.org/publicdomain/zero/1.0/","INBO","https://www.inbo.be/en/norms-data-use","","INBO","Ad hoc checklist of alien species in Belgium","ad-hoc-checklist:taxon:27bb789070dd817facb53f8562bfa17e","Crossopriza lyoni Blackwall 1867","Animalia","Arachnida",,,,"species","ICZN"
"en","http://creativecommons.org/publicdomain/zero/1.0/","INBO","https://www.inbo.be/en/norms-data-use","","INBO","Ad hoc checklist of alien species in Belgium","ad-hoc-checklist:taxon:d02e4e119192fd792383418c030d9124","Cryptachaea blattea Urquhart 1886","Animalia","Arachnida",,,,"species","ICZN"
"en","http://creativecommons.org/publicdomain/zero/1.0/","INBO","https://www.inbo.be/en/norms-data-use","","INBO","Ad hoc checklist of alien species in Belgium","ad-hoc-checklist:taxon:23812e25b647da7f33576956ce5af044","Cryptachaea veruculata Urquhart 1886","Animalia","Arachnida",,,,"species","ICZN"
"en","http://creativecommons.org/publicdomain/zero/1.0/","INBO","https://www.inbo.be/en/norms-data-use","","INBO","Ad hoc checklist of alien species in Belgium","ad-hoc-checklist:taxon:4d42b50601ff4ebbd6affa1d0f0b0687","Cupiennus getazi","Animalia","Arachnida",,,,"species","ICZN"
"en","http://creativecommons.org/publicdomain/zero/1.0/","INBO","https://www.inbo.be/en/norms-data-use","","INBO","Ad hoc checklist of alien species in Belgium","ad-hoc-checklist:taxon:11afa68d9fa109db6508a21b950e4a3f","Eperigone eschatologica","Animalia","Arachnida",,,,"species","ICZN"
"en","http://creativecommons.org/publicdomain/zero/1.0/","INBO","https://www.inbo.be/en/norms-data-use","","INBO","Ad hoc checklist of alien species in Belgium","ad-hoc-checklist:taxon:3f10a2c5965391bfd7cbea9ac18bc6d2","Euryopis episinoides Walckenaer 1847","Animalia","Arachnida",,,,"species","ICZN"
"en","http://creativecommons.org/publicdomain/zero/1.0/","INBO","https://www.inbo.be/en/norms-data-use","","INBO","Ad hoc checklist of alien species in Belgium","ad-hoc-checklist:taxon:6664a082b7a49ca51bc03cbaba2003ae","Evarcha jucunda","Animalia","Arachnida",,,,"species","ICZN"
"en","http://creativecommons.org/publicdomain/zero/1.0/","INBO","https://www.inbo.be/en/norms-data-use","","INBO","Ad hoc checklist of alien species in Belgium","ad-hoc-checklist:taxon:f6522021a3644030ed7f00301e137d23","Grammostola rosea Walckenaer 1837","Animalia","Arachnida",,,,"species","ICZN"
"en","http://creativecommons.org/publicdomain/zero/1.0/","INBO","https://www.inbo.be/en/norms-data-use","","INBO","Ad hoc checklist of alien species in Belgium","ad-hoc-checklist:taxon:919970f18c6fe3e71317e37b651dd73d","Hadrotarsus ornatus Hickman 1943","Animalia","Arachnida",,,,"species","ICZN"
"en","http://creativecommons.org/publicdomain/zero/1.0/","INBO","https://www.inbo.be/en/norms-data-use","","INBO","Ad hoc checklist of alien species in Belgium","ad-hoc-checklist:taxon:a20184965c3be86cd39652b36a253812","Haplodrassus","Animalia","Arachnida",,,,"genus","ICZN"
"en","http://creativecommons.org/publicdomain/zero/1.0/","INBO","https://www.inbo.be/en/norms-data-use","","INBO","Ad hoc checklist of alien species in Belgium","ad-hoc-checklist:taxon:6d5312ee7242b95ea4c4f80af686a6d2","Haplodrassus signifer C.L. Koch 1839","Animalia","Arachnida",,,,"species","ICZN"
"en","http://creativecommons.org/publicdomain/zero/1.0/","INBO","https://www.inbo.be/en/norms-data-use","","INBO","Ad hoc checklist of alien species in Belgium","ad-hoc-checklist:taxon:9af5a5c737e7717c4e3d73ca8861d9a3","Hasarius adansoni Audouin 1826","Animalia","Arachnida",,,,"species","ICZN"
"en","http://creativecommons.org/publicdomain/zero/1.0/","INBO","https://www.inbo.be/en/norms-data-use","","INBO","Ad hoc checklist of alien species in Belgium","ad-hoc-checklist:taxon:3b2f412626cc71740481c6daa9b875c3","Heliophanus kochii Simon 1868","Animalia","Arachnida",,,,"species","ICZN"
"en","http://creativecommons.org/publicdomain/zero/1.0/","INBO","https://www.inbo.be/en/norms-data-use","","INBO","Ad hoc checklist of alien species in Belgium","ad-hoc-checklist:taxon:a044bcfa05edee45b4e1e179d4af017c","Heteropoda venatoria Linnaeus 1767","Animalia","Arachnida",,,,"species","ICZN"
"en","http://creativecommons.org/publicdomain/zero/1.0/","INBO","https://www.inbo.be/en/norms-data-use","","INBO","Ad hoc checklist of alien species in Belgium","ad-hoc-checklist:taxon:7689a1daa551338ac98def3d159c96a9","Holocnemus pluchei Scopoli 1763","Animalia","Arachnida",,,,"species","ICZN"
"en","http://creativecommons.org/publicdomain/zero/1.0/","INBO","https://www.inbo.be/en/norms-data-use","","INBO","Ad hoc checklist of alien species in Belgium","ad-hoc-checklist:taxon:97db6dbacd320fb23d003ac149575d3b","Latrodectus geometricus C.L. Koch 1841","Animalia","Arachnida",,,,"species","ICZN"
"en","http://creativecommons.org/publicdomain/zero/1.0/","INBO","https://www.inbo.be/en/norms-data-use","","INBO","Ad hoc checklist of alien species in Belgium","ad-hoc-checklist:taxon:73059595e541953930403db54ba52b95","Latrodectus hasselti Thorell 1870","Animalia","Arachnida",,,,"species","ICZN"
"en","http://creativecommons.org/publicdomain/zero/1.0/","INBO","https://www.inbo.be/en/norms-data-use","","INBO","Ad hoc checklist of alien species in Belgium","ad-hoc-checklist:taxon:724cee4c3a325ac4b638de9c8201cbce","Latrodectus mactans Fabricius 1775","Animalia","Arachnida",,,,"species","ICZN"
"en","http://creativecommons.org/publicdomain/zero/1.0/","INBO","https://www.inbo.be/en/norms-data-use","","INBO","Ad hoc checklist of alien species in Belgium","ad-hoc-checklist:taxon:67b20a1a40c5e579f2d3fe9f5c8790fd","Leiobunum","Animalia","Arachnida","Opiliones","Sclerosomatidae","Leiobunum","genus","ICZN"
"en","http://creativecommons.org/publicdomain/zero/1.0/","INBO","https://www.inbo.be/en/norms-data-use","","INBO","Ad hoc checklist of alien species in Belgium","ad-hoc-checklist:taxon:695719a1776a5de9dca8765f5aeba224","Macaroeris nidicolens Walckenaer 1802","Animalia","Arachnida",,,,"species","ICZN"
"en","http://creativecommons.org/publicdomain/zero/1.0/","INBO","https://www.inbo.be/en/norms-data-use","","INBO","Ad hoc checklist of alien species in Belgium","ad-hoc-checklist:taxon:022ed3faec3afa52ebdc4f2aca8695ae","Macrothele calpeiana Walckenaer 1805","Animalia","Arachnida",,,,"species","ICZN"
"en","http://creativecommons.org/publicdomain/zero/1.0/","INBO","https://www.inbo.be/en/norms-data-use","","INBO","Ad hoc checklist of alien species in Belgium","ad-hoc-checklist:taxon:c1015155818f3d1f398b9b8a0edfa787","Mermessus denticulatus Banks 1898","Animalia","Arachnida",,,,"species","ICZN"
"en","http://creativecommons.org/publicdomain/zero/1.0/","INBO","https://www.inbo.be/en/norms-data-use","","INBO","Ad hoc checklist of alien species in Belgium","ad-hoc-checklist:taxon:c7ffb9de1e24c11fda9767eafbcf0b41","Micropholcus fauroti (Simon, 1887)","Animalia","Arachnida",,"Pholcidae","Micropholcus","species","ICZN"
"en","http://creativecommons.org/publicdomain/zero/1.0/","INBO","https://www.inbo.be/en/norms-data-use","","INBO","Ad hoc checklist of alien species in Belgium","ad-hoc-checklist:taxon:e4448c620b9c329c07428d722f3c1abb","Neoscona nautica C.L. Koch 1875","Animalia","Arachnida",,,,"species","ICZN"
"en","http://creativecommons.org/publicdomain/zero/1.0/","INBO","https://www.inbo.be/en/norms-data-use","","INBO","Ad hoc checklist of alien species in Belgium","ad-hoc-checklist:taxon:759ecf308e8859af6f44bc6c6fa2a014","Nephila","Animalia","Arachnida",,,,"genus","ICZN"
"en","http://creativecommons.org/publicdomain/zero/1.0/","INBO","https://www.inbo.be/en/norms-data-use","","INBO","Ad hoc checklist of alien species in Belgium","ad-hoc-checklist:taxon:e647677c7a2ac88b408adde3c9c93b00","Nephilengys cruentata Fabricius 1775","Animalia","Arachnida",,,,"species","ICZN"
"en","http://creativecommons.org/publicdomain/zero/1.0/","INBO","https://www.inbo.be/en/norms-data-use","","INBO","Ad hoc checklist of alien species in Belgium","ad-hoc-checklist:taxon:8bf948a5b900b3f162f77d3553c2c67a","Nesticodes rufipes Lucas 1846","Animalia","Arachnida",,,,"species","ICZN"
"en","http://creativecommons.org/publicdomain/zero/1.0/","INBO","https://www.inbo.be/en/norms-data-use","","INBO","Ad hoc checklist of alien species in Belgium","ad-hoc-checklist:taxon:a4033218fcfc719ab2bdea871591186c","Oecobius","Animalia","Arachnida",,,,"genus","ICZN"
"en","http://creativecommons.org/publicdomain/zero/1.0/","INBO","https://www.inbo.be/en/norms-data-use","","INBO","Ad hoc checklist of alien species in Belgium","ad-hoc-checklist:taxon:6bbceca67b4991ffdca947a0caf29bfa","Oecobius navus Blackwall 1859","Animalia","Arachnida",,,,"species","ICZN"
"en","http://creativecommons.org/publicdomain/zero/1.0/","INBO","https://www.inbo.be/en/norms-data-use","","INBO","Ad hoc checklist of alien species in Belgium","ad-hoc-checklist:taxon:5b58b6f03f2e4b842775e6aa0cef50ff","Pellenes geniculatus Simon 1868","Animalia","Arachnida",,,,"species","ICZN"
"en","http://creativecommons.org/publicdomain/zero/1.0/","INBO","https://www.inbo.be/en/norms-data-use","","INBO","Ad hoc checklist of alien species in Belgium","ad-hoc-checklist:taxon:a2d865892ad8da2bee03ed5f0949c718","Phidippus cfr. regius Audouin 1826","Animalia","Arachnida",,,,"genus","ICZN"
"en","http://creativecommons.org/publicdomain/zero/1.0/","INBO","https://www.inbo.be/en/norms-data-use","","INBO","Ad hoc checklist of alien species in Belgium","ad-hoc-checklist:taxon:c8e5ebfae02adeb73c4f5bd4ab6ae131","Pholcus opilionoides  Schrank 1781","Animalia","Arachnida",,,,"species","ICZN"
"en","http://creativecommons.org/publicdomain/zero/1.0/","INBO","https://www.inbo.be/en/norms-data-use","","INBO","Ad hoc checklist of alien species in Belgium","ad-hoc-checklist:taxon:01038f18ded51f6c2645e997d2ae7a55","Phoneutria nigriventer Keyserling 1891","Animalia","Arachnida",,,,"species","ICZN"
"en","http://creativecommons.org/publicdomain/zero/1.0/","INBO","https://www.inbo.be/en/norms-data-use","","INBO","Ad hoc checklist of alien species in Belgium","ad-hoc-checklist:taxon:595a11ddc2ccb02c81edabea7a8eefcd","Phormictopus cancerides Latreille 1806","Animalia","Arachnida",,,,"species","ICZN"
"en","http://creativecommons.org/publicdomain/zero/1.0/","INBO","https://www.inbo.be/en/norms-data-use","","INBO","Ad hoc checklist of alien species in Belgium","ad-hoc-checklist:taxon:e4e253a77bd344b3c323ef515a238287","Plexippus paykulli Audouin 1826","Animalia","Arachnida",,,,"species","ICZN"
"en","http://creativecommons.org/publicdomain/zero/1.0/","INBO","https://www.inbo.be/en/norms-data-use","","INBO","Ad hoc checklist of alien species in Belgium","ad-hoc-checklist:taxon:4f95e0ba711c204a50b99989c4e7a560","Saitis barbipes Simon 1868","Animalia","Arachnida",,,,"species","ICZN"
"en","http://creativecommons.org/publicdomain/zero/1.0/","INBO","https://www.inbo.be/en/norms-data-use","","INBO","Ad hoc checklist of alien species in Belgium","ad-hoc-checklist:taxon:e9b22598f37530c8f4c0f5d2e872a3d4","Selenops radiatus Latreille 1819","Animalia","Arachnida",,,,"species","ICZN"
"en","http://creativecommons.org/publicdomain/zero/1.0/","INBO","https://www.inbo.be/en/norms-data-use","","INBO","Ad hoc checklist of alien species in Belgium","ad-hoc-checklist:taxon:7643cb734cfc61c9c7486b4009205036","Spermophora senoculata Dugès 1836","Animalia","Arachnida",,,,"species","ICZN"
"en","http://creativecommons.org/publicdomain/zero/1.0/","INBO","https://www.inbo.be/en/norms-data-use","","INBO","Ad hoc checklist of alien species in Belgium","ad-hoc-checklist:taxon:d9e52c24e3da1aa76935bbd632829ffe","Steatoda nobilis Thorell 1875","Animalia","Arachnida",,,,"species","ICZN"
"en","http://creativecommons.org/publicdomain/zero/1.0/","INBO","https://www.inbo.be/en/norms-data-use","","INBO","Ad hoc checklist of alien species in Belgium","ad-hoc-checklist:taxon:1b2c47ed69f13410c3cdb6e767e5381e","Steatoda paykulliana Walckenaer 1805","Animalia","Arachnida",,,,"species","ICZN"
"en","http://creativecommons.org/publicdomain/zero/1.0/","INBO","https://www.inbo.be/en/norms-data-use","","INBO","Ad hoc checklist of alien species in Belgium","ad-hoc-checklist:taxon:72e3d959ccb10ac41dc2f0d37c4b6888","Steatoda grossa C.L. Koch 1838","Animalia","Arachnida",,,,"species","ICZN"
"en","http://creativecommons.org/publicdomain/zero/1.0/","INBO","https://www.inbo.be/en/norms-data-use","","INBO","Ad hoc checklist of alien species in Belgium","ad-hoc-checklist:taxon:38e19a8f53e38b73fc8b08768f523964","Thanatus vulgaris Simon 1870","Animalia","Arachnida",,,,"species","ICZN"
"en","http://creativecommons.org/publicdomain/zero/1.0/","INBO","https://www.inbo.be/en/norms-data-use","","INBO","Ad hoc checklist of alien species in Belgium","ad-hoc-checklist:taxon:bf9c0ccfc93138502d02dd8908c0f1e2","Triaeris stenaspis Simon 1891","Animalia","Arachnida",,,,"species","ICZN"
"en","http://creativecommons.org/publicdomain/zero/1.0/","INBO","https://www.inbo.be/en/norms-data-use","","INBO","Ad hoc checklist of alien species in Belgium","ad-hoc-checklist:taxon:b4c7e7e40eff7248abeb86e3e916094b","Uloborus plumipes Lucas 1846","Animalia","Arachnida",,,,"species","ICZN"
"en","http://creativecommons.org/publicdomain/zero/1.0/","INBO","https://www.inbo.be/en/norms-data-use","","INBO","Ad hoc checklist of alien species in Belgium","ad-hoc-checklist:taxon:2e7291ca9523e1420596fe44cf512259","Varroa jacobsoni","Animalia","Arachnida",,,,"species","ICZN"
"en","http://creativecommons.org/publicdomain/zero/1.0/","INBO","https://www.inbo.be/en/norms-data-use","","INBO","Ad hoc checklist of alien species in Belgium","ad-hoc-checklist:taxon:b18ef3ffb373c5258582c102304dae45","Zoropsis spinimana Dufour 1820","Animalia","Arachnida",,,,"species","ICZN"
"en","http://creativecommons.org/publicdomain/zero/1.0/","INBO","https://www.inbo.be/en/norms-data-use","","INBO","Ad hoc checklist of alien species in Belgium","ad-hoc-checklist:taxon:dd5343601430de4c32e8b6f1f9eb4344","Nicoletia phytophila Gervais, 1844","Animalia","Arthropoda","Zygentoma",,,"species","ICZN"
"en","http://creativecommons.org/publicdomain/zero/1.0/","INBO","https://www.inbo.be/en/norms-data-use","","INBO","Ad hoc checklist of alien species in Belgium","ad-hoc-checklist:taxon:020219a654572d7e5657d80008770ea0","Thermobia domestica","Animalia","Arthropoda","Zygentoma","Lepismatidae",,"species","ICZN"
"en","http://creativecommons.org/publicdomain/zero/1.0/","INBO","https://www.inbo.be/en/norms-data-use","","INBO","Ad hoc checklist of alien species in Belgium","ad-hoc-checklist:taxon:6174540d54098b8a479cc32c69aaf0ba","Ctenolepisma lineata","Animalia","Arthropoda","Zygentoma","Lepismatidae",,"species","ICZN"
"en","http://creativecommons.org/publicdomain/zero/1.0/","INBO","https://www.inbo.be/en/norms-data-use","","INBO","Ad hoc checklist of alien species in Belgium","ad-hoc-checklist:taxon:7ae16b088cb788d9d9f00a8877280a4e","Euborellia annulipes (Dohrn, 1864)","Animalia","Arthropoda","Dermaptera",,,"species","ICZN"
"en","http://creativecommons.org/publicdomain/zero/1.0/","INBO","https://www.inbo.be/en/norms-data-use","","INBO","Ad hoc checklist of alien species in Belgium","ad-hoc-checklist:taxon:b5bed41627b75e964411fd73a23ac6e9","Hanseniella caldaria (Hansen, 1903)","Animalia","Arthropoda",,,,"species","ICZN"
"en","http://creativecommons.org/publicdomain/zero/1.0/","INBO","https://www.inbo.be/en/norms-data-use","","INBO","Ad hoc checklist of alien species in Belgium","ad-hoc-checklist:taxon:093fe2efe8c2ffa5a41bbf1009bb2807","Aleurodothrips fasciapennis (Franklin 1908)","Animalia","Arthropoda","Thysanoptera",,,"species","ICZN"
"en","http://creativecommons.org/publicdomain/zero/1.0/","INBO","https://www.inbo.be/en/norms-data-use","","INBO","Ad hoc checklist of alien species in Belgium","ad-hoc-checklist:taxon:e50649bdec5fb43cbe599641cd834d15","Aurantothrips orchidaceus (Bagnall 1909)","Animalia","Arthropoda","Thysanoptera",,,"species","ICZN"
"en","http://creativecommons.org/publicdomain/zero/1.0/","INBO","https://www.inbo.be/en/norms-data-use","","INBO","Ad hoc checklist of alien species in Belgium","ad-hoc-checklist:taxon:ac3478ecd489fd0de74152226d70a644","Chaetanaphothrips orchidii (Moulton 1907)","Animalia","Arthropoda","Thysanoptera",,,"species","ICZN"
"en","http://creativecommons.org/publicdomain/zero/1.0/","INBO","https://www.inbo.be/en/norms-data-use","","INBO","Ad hoc checklist of alien species in Belgium","ad-hoc-checklist:taxon:db99e8119422ddc742ef2de79177d4d0","Echinothrips americanus Morgan 1913","Animalia","Arthropoda","Thysanoptera",,,"species","ICZN"
"en","http://creativecommons.org/publicdomain/zero/1.0/","INBO","https://www.inbo.be/en/norms-data-use","","INBO","Ad hoc checklist of alien species in Belgium","ad-hoc-checklist:taxon:798d360624ed6673b6ec47dce1b6d32c","Frankliniella occidentalis (Pergande 1895)","Animalia","Arthropoda","Thysanoptera",,,"species","ICZN"
"en","http://creativecommons.org/publicdomain/zero/1.0/","INBO","https://www.inbo.be/en/norms-data-use","","INBO","Ad hoc checklist of alien species in Belgium","ad-hoc-checklist:taxon:a63f0128a224c6ca04e1a2e577ee53ce","Heliothrips haemorrhoidalis (Bouché 1833)","Animalia","Arthropoda","Thysanoptera",,,"species","ICZN"
"en","http://creativecommons.org/publicdomain/zero/1.0/","INBO","https://www.inbo.be/en/norms-data-use","","INBO","Ad hoc checklist of alien species in Belgium","ad-hoc-checklist:taxon:efaa99b34f74cb35f6a894dd4e095532","Hercinothrips bicinctus (Bagnall 1919)","Animalia","Arthropoda","Thysanoptera",,,"species","ICZN"
"en","http://creativecommons.org/publicdomain/zero/1.0/","INBO","https://www.inbo.be/en/norms-data-use","","INBO","Ad hoc checklist of alien species in Belgium","ad-hoc-checklist:taxon:60536e5546cb065699987f24f80bcb84","Hercinothrips femoralis (O.M. Reuter 1891)","Animalia","Arthropoda","Thysanoptera",,,"species","ICZN"
"en","http://creativecommons.org/publicdomain/zero/1.0/","INBO","https://www.inbo.be/en/norms-data-use","","INBO","Ad hoc checklist of alien species in Belgium","ad-hoc-checklist:taxon:9d2a97512205c817d49c843a70ec07de","Leucothrips nigripennis O.M. Reuter 1904","Animalia","Arthropoda","Thysanoptera",,,"species","ICZN"
"en","http://creativecommons.org/publicdomain/zero/1.0/","INBO","https://www.inbo.be/en/norms-data-use","","INBO","Ad hoc checklist of alien species in Belgium","ad-hoc-checklist:taxon:7a459fee00397a728aa28c82a8eee160","Parthenothrips dracaenae (Heeger 1854)","Animalia","Arthropoda","Thysanoptera",,,"species","ICZN"
"en","http://creativecommons.org/publicdomain/zero/1.0/","INBO","https://www.inbo.be/en/norms-data-use","","INBO","Ad hoc checklist of alien species in Belgium","ad-hoc-checklist:taxon:28c14da33c805e8497409c28878f6989","Scirtothrips longipennis (Bagnall 1909)","Animalia","Arthropoda","Thysanoptera",,,"species","ICZN"
"en","http://creativecommons.org/publicdomain/zero/1.0/","INBO","https://www.inbo.be/en/norms-data-use","","INBO","Ad hoc checklist of alien species in Belgium","ad-hoc-checklist:taxon:6ce79e00fbd3edc5f58406421a06260d","Ectopsocus briggsi","Animalia","Arthropoda","Psocoptera",,,"species","ICZN"
"en","http://creativecommons.org/publicdomain/zero/1.0/","INBO","https://www.inbo.be/en/norms-data-use","","INBO","Ad hoc checklist of alien species in Belgium","ad-hoc-checklist:taxon:4b0d5c86af10d8d352b42429e8ec2cac","Ectopsocus petersi","Animalia","Arthropoda","Psocoptera",,,"species","ICZN"
"en","http://creativecommons.org/publicdomain/zero/1.0/","INBO","https://www.inbo.be/en/norms-data-use","","INBO","Ad hoc checklist of alien species in Belgium","ad-hoc-checklist:taxon:8f380903a5963bd635f634610dd04fb7","Badonnelia titei","Animalia","Arthropoda","Psocoptera",,,"species","ICZN"
"en","http://creativecommons.org/publicdomain/zero/1.0/","INBO","https://www.inbo.be/en/norms-data-use","","INBO","Ad hoc checklist of alien species in Belgium","ad-hoc-checklist:taxon:33c2e7a6e8152e5d77f7475bf0b3a7a1","Cerobasis annulata","Animalia","Arthropoda","Psocoptera",,,"species","ICZN"
"en","http://creativecommons.org/publicdomain/zero/1.0/","INBO","https://www.inbo.be/en/norms-data-use","","INBO","Ad hoc checklist of alien species in Belgium","ad-hoc-checklist:taxon:e26e98e49d8103792220399cb268b1c5","Dorypteryx domestica","Animalia","Arthropoda","Psocoptera",,,"species","ICZN"
"en","http://creativecommons.org/publicdomain/zero/1.0/","INBO","https://www.inbo.be/en/norms-data-use","","INBO","Ad hoc checklist of alien species in Belgium","ad-hoc-checklist:taxon:1d2fa2a26d2e4f9118634f81d15d1125","Dorypteryx longipennis","Animalia","Arthropoda","Psocoptera",,,"species","ICZN"
"en","http://creativecommons.org/publicdomain/zero/1.0/","INBO","https://www.inbo.be/en/norms-data-use","","INBO","Ad hoc checklist of alien species in Belgium","ad-hoc-checklist:taxon:5a973a355a3f3f044f8b3b74c1f32fb5","Dorypteryx pallida","Animalia","Arthropoda","Psocoptera",,,"species","ICZN"
"en","http://creativecommons.org/publicdomain/zero/1.0/","INBO","https://www.inbo.be/en/norms-data-use","","INBO","Ad hoc checklist of alien species in Belgium","ad-hoc-checklist:taxon:1c20cabaa29faea71b9f75929aac0845","Lepinotus patruelis","Animalia","Arthropoda","Psocoptera",,,"species","ICZN"
"en","http://creativecommons.org/publicdomain/zero/1.0/","INBO","https://www.inbo.be/en/norms-data-use","","INBO","Ad hoc checklist of alien species in Belgium","ad-hoc-checklist:taxon:59f8572ae676195abe1e9803877c5d7a","Lepinotus reticulatus","Animalia","Arthropoda","Psocoptera",,,"species","ICZN"
"en","http://creativecommons.org/publicdomain/zero/1.0/","INBO","https://www.inbo.be/en/norms-data-use","","INBO","Ad hoc checklist of alien species in Belgium","ad-hoc-checklist:taxon:cb465745bfbf721b494dd74e22889c42","Liposcelis bostrychophila","Animalia","Arthropoda","Psocoptera",,,"species","ICZN"
"en","http://creativecommons.org/publicdomain/zero/1.0/","INBO","https://www.inbo.be/en/norms-data-use","","INBO","Ad hoc checklist of alien species in Belgium","ad-hoc-checklist:taxon:55a332c8380a59e4ab95333e462a205a","Liposcelis brunnea","Animalia","Arthropoda","Psocoptera",,,"species","ICZN"
"en","http://creativecommons.org/publicdomain/zero/1.0/","INBO","https://www.inbo.be/en/norms-data-use","","INBO","Ad hoc checklist of alien species in Belgium","ad-hoc-checklist:taxon:9d1b60da59f707ea6160bf3117ee9e00","Liposcelis paeta","Animalia","Arthropoda","Psocoptera",,,"species","ICZN"
"en","http://creativecommons.org/publicdomain/zero/1.0/","INBO","https://www.inbo.be/en/norms-data-use","","INBO","Ad hoc checklist of alien species in Belgium","ad-hoc-checklist:taxon:77dcca4a49b2638334e79385fe2ba66a","Psoquilla marginepunctata","Animalia","Arthropoda","Psocoptera",,,"species","ICZN"
"en","http://creativecommons.org/publicdomain/zero/1.0/","INBO","https://www.inbo.be/en/norms-data-use","","INBO","Ad hoc checklist of alien species in Belgium","ad-hoc-checklist:taxon:5a301b2ce41ed409bda3ac832adbb899","Psyllipsocus ramburii","Animalia","Arthropoda","Psocoptera",,,"species","ICZN"
"en","http://creativecommons.org/publicdomain/zero/1.0/","INBO","https://www.inbo.be/en/norms-data-use","","INBO","Ad hoc checklist of alien species in Belgium","ad-hoc-checklist:taxon:ffb576d3bc1de37cb39d581b7f06455a","Trichopsocus clarus","Animalia","Arthropoda","Psocoptera",,,"species","ICZN"
"en","http://creativecommons.org/publicdomain/zero/1.0/","INBO","https://www.inbo.be/en/norms-data-use","","INBO","Ad hoc checklist of alien species in Belgium","ad-hoc-checklist:taxon:8ae2ff291867f48590ad14a078ced6a7","Trogium pulsatorium","Animalia","Arthropoda","Psocoptera",,,"species","ICZN"
"en","http://creativecommons.org/publicdomain/zero/1.0/","INBO","https://www.inbo.be/en/norms-data-use","","INBO","Ad hoc checklist of alien species in Belgium","ad-hoc-checklist:taxon:77e44a34afadf57571bfc46461e81f9d","Anguillicola crassus Kuwahara, Niimi & Itagaki, 1974","Animalia","Nematoda",,"Anguillicolidae","Anguillicoloides","species","ICZN"
"en","http://creativecommons.org/publicdomain/zero/1.0/","INBO","https://www.inbo.be/en/norms-data-use","","INBO","Ad hoc checklist of alien species in Belgium","ad-hoc-checklist:taxon:c91e880552f1f8ede919b30c1e2eb3d0","Gyrodactylus proterorhini Ergens, 1967","Animalia","Platyhelminthes",,"Gyrodactylidae","Gyrodactylus","species","ICZN"
"en","http://creativecommons.org/publicdomain/zero/1.0/","INBO","https://www.inbo.be/en/norms-data-use","","INBO","Ad hoc checklist of alien species in Belgium","ad-hoc-checklist:taxon:3dc038b673ba44a98b4b8bfe262ed2e4","Tapinoma magnum, Tapinoma nigerrimum complex","Animalia","Arthropoda","Hymenoptera","Formicidae","Tapinoma","species","ICZN"
"en","http://creativecommons.org/publicdomain/zero/1.0/","INBO","https://www.inbo.be/en/norms-data-use","","INBO","Ad hoc checklist of alien species in Belgium","ad-hoc-checklist:taxon:167dc8db81d231cb35982c239dc3e16f","Enderleinellus kumadai Kaneko, 1954","Animalia","Arthropoda","Phthiraptera","Enderleinellidae","Enderleinellus","species","ICZN"
"en","http://creativecommons.org/publicdomain/zero/1.0/","INBO","https://www.inbo.be/en/norms-data-use","","INBO","Ad hoc checklist of alien species in Belgium","ad-hoc-checklist:taxon:bc1b55c9d06e08d1c4c651ecf7617414","Hoplopleura erismata Ferris, 1921","Animalia","Arthropoda","Phthiraptera","Hoplopleuridae","Hoplopleura","species","ICZN"
"en","http://creativecommons.org/publicdomain/zero/1.0/","INBO","https://www.inbo.be/en/norms-data-use","","INBO","Ad hoc checklist of alien species in Belgium","ad-hoc-checklist:taxon:d850eeb2d70f3fc8e4944e905d41026d","Mastophorus","Animalia","Nematoda",,,"Mastophorus","genus","ICZN"
"en","http://creativecommons.org/publicdomain/zero/1.0/","INBO","https://www.inbo.be/en/norms-data-use","","INBO","Ad hoc checklist of alien species in Belgium","ad-hoc-checklist:taxon:31ab93508fabfaf9696bd8ac49e121d2","Cydalima perspectalis (Walker, 1859)","Animalia","Arthropoda","Lepidoptera",,"Cydalima","species","ICZN"
