"scientific name","kingdom","phylum","order","family","genus","taxon rank","nomenclatural code","location","native range","country","occurrence status","date first observation","date last observation","degree of establishment","introduction pathway","realm","source","host","abundance","threat status","remarks","date added","added by","verified by"
"Entyloma calendulae (Oudem.) de Bary","Fungi","Basidiomycota","Entylomatales","Entylomataceae","Entyloma","species","ICN",,,"Belgium","present","1900-09-22","1902-08-03",,,"terrestrial","Vanderweyen, A., & Fraiture, A. (2014). Catalogue des Ustilaginales sl de Belgique. Lejeunia, Revue de Botanique.","Calendula officinalis L.",,,,2018-06-04,"Quentin Groom",
"Entyloma dahliae Syd. & P. Syd.","Fungi","Basidiomycota","Entylomatales","Entylomataceae","Entyloma","species","ICN",,,"Belgium","doubtful","1905-04-16","1905-04-22",,,"terrestrial","Vanderweyen, A., & Fraiture, A. (2014). Catalogue des Ustilaginales sl de Belgique. Lejeunia, Revue de Botanique.","Dahlia variabilis Desf.",,,,2018-06-04,"Quentin Groom",
"Entyloma eschscholtziae Harkn.","Fungi","Basidiomycota","Entylomatales","Entylomataceae","Entyloma","species","ICN",,,"Belgium","present","2014-09-18",,,,"terrestrial","Vanderweyen, A., & Fraiture, A. (2014). Catalogue des Ustilaginales sl de Belgique. Lejeunia, Revue de Botanique.","Eschscholtzia californica Cham.",,,,2018-06-04,"Quentin Groom",
"Sporisorium destruens (Schltdl.) Vánky","Fungi","Basidiomycota","Ustilaginales","Ustilaginaceae","Sporisorium","species","ICN",,,"Belgium","present","1899-08",,,,"terrestrial","Vanderweyen, A., & Fraiture, A. (2014). Catalogue des Ustilaginales sl de Belgique. Lejeunia, Revue de Botanique.","Panicum miliaceum L.",,,,2018-06-04,"Quentin Groom",
"Thecaphora oxalidis (Ellis & Tracy) M. Lutz, R. Bauer & Piatek","Fungi","Basidiomycota","Ustilaginales","Glomosporiaceae","Thecaphora","species","ICN",,,"Belgium","present","2014-07-23",,,,"terrestrial","Vanderweyen, A., & Fraiture, A. (2014). Catalogue des Ustilaginales sl de Belgique. Lejeunia, Revue de Botanique.","Oxalis stricta L.",,,,2018-06-04,"Quentin Groom",
"Urocystis trollii Nannf.","Fungi","Basidiomycota","Urocystidales","Urocystidaceae","Urocystis","species","ICN",,,"Belgium","present","1894-06",,,,"terrestrial","Vanderweyen, A., & Fraiture, A. (2014). Catalogue des Ustilaginales sl de Belgique. Lejeunia, Revue de Botanique.","Trollius europaeus L.",,,,2018-06-04,"Quentin Groom",
"Ustilago maydis (DC.) Corda","Fungi","Basidiomycota","Ustilaginales","Ustilaginaceae","Ustilago","species","ICN",,,"Belgium","present","1968-11-21","2010-08-06","colonizing",,"terrestrial","Vanderweyen, A., & Fraiture, A. (2014). Catalogue des Ustilaginales sl de Belgique. Lejeunia, Revue de Botanique.","Zea mays L.",,,,2018-06-04,"Quentin Groom",
"Scutigera coleoptrata (Linnaeus 1758)","Animalia","Arthropoda","Scutigeromorpha","Scutigeridae","Scutigera","species","ICZN",,,"Belgium","present","1830",,,,"terrestrial","Lock, K. (2010). Updated checklist of the Belgian centipedes (Chilopoda). Entomologie faunistique-Faunistic Entomology. 62 (1), 35-39",,,,,,"Quentin Groom",
"Cordioniscus stebbingii (Patience, 1907)","Animalia","Arthropoda","Isopoda","Oniscidae","Cordioniscus","species","ICZN","Flanders",,"Belgium","present","1956","2017","established",,"terrestrial","De Smedt, P., Arijs, G., Segers, S., & Boeraeve, P. (2017). Woodlice of the green houses at Ghent Botanical Garden and Botanic Garden Meise with two new exotic species for Belgium (Isopoda: Oniscidae). Bulletin de la Société royale belge d’Entomologie/Bulletin van de Koninklijke Belgische Vereniging voor Entomologie, 153, 109-112.",,,,,2018-08-04,"Quentin Groom","Pallieter de Smedt"
"Trichorina tomentosa (Budde-Lund, 1893)","Animalia","Arthropoda","Isopoda","Oniscidae","Trichorina","species","ICZN","Flanders",,"Belgium","present","1956","2017",,,"terrestrial","POLK PH. & VAN OYE P., 1956. - Studie der Landisopoden in België: systematisch-oecologisch. Licenciaatsverhandeling 1956. Universiteit Gent.",,,,,2018-08-04,"Quentin Groom","Pallieter de Smedt"
"Nagurus cristatus (Dollfus, 1889)","Animalia","Arthropoda","Isopoda","Oniscidae","Nagurus","species","ICZN","Flanders",,"Belgium","present","2015-02-05","2017-03-29",,,"terrestrial","De Smedt, P., Arijs, G., Segers, S., & Boeraeve, P. (2017). Woodlice of the green houses at Ghent Botanical Garden and Botanic Garden Meise with two new exotic species for Belgium (Isopoda: Oniscidae). Bulletin de la Société royale belge d’Entomologie/Bulletin van de Koninklijke Belgische Vereniging voor Entomologie, 153, 109-112.",,,,,2018-08-04,"Quentin Groom","Pallieter de Smedt"
"Reductoniscus costulatus Kesselyák, 1930","Animalia","Arthropoda","Isopoda","Oniscidae","Reductoniscus","species","ICZN","Flanders",,"Belgium","present","2015-02-05",,,,"terrestrial","De Smedt, P., Arijs, G., Segers, S., & Boeraeve, P. (2017). Woodlice of the green houses at Ghent Botanical Garden and Botanic Garden Meise with two new exotic species for Belgium (Isopoda: Oniscidae). Bulletin de la Société royale belge d’Entomologie/Bulletin van de Koninklijke Belgische Vereniging voor Entomologie, 153, 109-112.",,,,,2018-08-04,"Quentin Groom","Pallieter de Smedt"
"Synarmadillo","Animalia","Arthropoda","Isopoda","Oniscidae","Synarmadillo","genus","ICZN","Flanders",,"Belgium","present","2015-02-05",,,,"terrestrial","De Smedt, P., Arijs, G., Segers, S., & Boeraeve, P. (2017). Woodlice of the green houses at Ghent Botanical Garden and Botanic Garden Meise with two new exotic species for Belgium (Isopoda: Oniscidae). Bulletin de la Société royale belge d’Entomologie/Bulletin van de Koninklijke Belgische Vereniging voor Entomologie, 153, 109-112.",,,,,2018-08-04,"Quentin Groom","Pallieter de Smedt"
"Cordioniscus stebbingii (Patience, 1907)","Animalia","Arthropoda","Isopoda","Oniscidae","Cordioniscus","species","ICZN","Brussels",,"Belgium","present","1907-11-29",,,,"terrestrial","De Smedt, P., Arijs, G., Segers, S., & Boeraeve, P. (2017). Woodlice of the green houses at Ghent Botanical Garden and Botanic Garden Meise with two new exotic species for Belgium (Isopoda: Oniscidae). Bulletin de la Société royale belge d’Entomologie/Bulletin van de Koninklijke Belgische Vereniging voor Entomologie, 153, 109-112.",,,,,2018-08-04,"Quentin Groom","Pallieter de Smedt"
"Epuraea imperialis (Reitter, 1877)","Animalia","Arthropoda","Coleoptera","Nitidulidae","Epuraea","species","ICZN","Flanders",,"Belgium","present","2012-06-24","2014-03-30",,,"terrestrial",,,,,,,"Quentin Groom",
"Sceliphron caementarium (Drury, 1773) caementarium (Drury, 1773)","Animalia","Arthropoda","Hymenoptera","Sphecidae","Sceliphron","species","ICZN","Flanders",,"Belgium","present","2015-08-05",,,,"terrestrial","Ravoet, J., Barbier, Y., & Klein, W. (2017). First observation of another invasive mud dauber wasp in Belgium: Sceliphron caementarium (Drury, 1773)(Hymenoptera: Sphecidae). Bulletin de la Société royale belge d’Entomologie, 153, 40-42.",,,,,,"Quentin Groom",
"Cylindroiulus britannicus (Verhoeff, 1891)","Animalia","Arthropoda","Julida","Julidae","Cylindroiulus","species","ICZN","Flanders",,"Belgium","present","2015-10-23","2015-11-11",,,"terrestrial","Proesmans, W., & De Smedt, P. (2015). The millipede Cylindroiulus britannicus (Verhoeff, 1891) new for the Belgian fauna (Diplopoda: Julidae). Bulletin de la Société royale belge d’Entomologie, 151, 239-242.",,,,,,"Quentin Groom",
"Carpophilus obsoletus Erichson, 1843","Animalia","Arthropoda","Coleoptera","Nitidulidae","Carpophilus","species","ICZN",,,"Belgium","present",,,,,"terrestrial","Verbeelen, F. ""Entomologische bijdragen. III. 1 bijdrage tot de keverfauna (Coleoptera) van Belgie. Exoten."" Entomo-Info 19, no. 4 (2008): 75.",,,,,,"Quentin Groom",
"Stelidota geminata (Say, 1825)","Animalia","Arthropoda","Coleoptera","Nitidulidae","Stelidota","species","ICZN",,,"Belgium","present",,,,,"terrestrial","Coulon, G. (1994). Sur la decouverte en Belgique du Stelidota geminata (Say, 1825)(Coleoptera, Nitidulidae). In Bulletin et Annales de la Société Royal Belge d’Entomologie (Vol. 130, pp. 114-115).",,,,,,"Quentin Groom",
"Otiorhynchus dieckmanni Magnano, 1979","Animalia","Arthropoda","Coleoptera","Polyphaga","Otiorhynchus","species","ICZN","Brussels",,"Belgium","present","2013",,,,"terrestrial","DELBOL, M. (2013). Catalogue des Curculionoidea de Belgique (Coleoptera: Polyphaga). Belgian journal of entomology, 13, 1-95.",,,,,,"Quentin Groom",
"Meloidogyne artiellia Franklin, 1961","Animalia","Nematoda","Tylenchida","Meloidogynidae","Meloidogyne","species","ICZN","Wallonia",,"Belgium","present","2011",,,,"terrestrial","https://doi.org/10.1094/PDIS-08-12-0720-PDN",,,,,,"Quentin Groom",
"Macrosaccus robiniella (Clemens, 1859)","Animalia","Arthropoda","Lepidoptera","Gracillariidae","Macrosaccus","species","ICZN","Flanders",,"Belgium","present","2001","2014",,,"terrestrial","http://www.bladmineerders.be/nl/content/macrosaccus-robiniella-clemens-1859","Robinia pseudoacacia L.",,,,,"Quentin Groom",
"Harmonia axyridis (Pallas, 1773)","Animalia","Arthropoda","Coleoptera","Coccinellidae","Harmonia","species","ICZN","Flanders","Asia","Belgium","present","2001","2018","invasive","release_biological_control","terrestrial","Adriaens, T., E. Branquart, and D. Maes. 2003. The Multicoloured Asian Ladybird Harmonia axyridis Pallas (Coleoptera : Coccinellidae), a threat for native aphid predators in Belgium? Belgian Journal of Zoology 133:195-196.// Adriaens, T., G. M. Y. Gomez, and D. Maes. 2008. Invasion history, habitat preferences and phenology of the invasive ladybird Harmonia axyridis in Belgium. BioControl 53:69-88.",,,,,2018-04-17,"Tim Adriaens",
"Harmonia axyridis (Pallas, 1773)","Animalia","Arthropoda","Coleoptera","Coccinellidae","Harmonia","species","ICZN","Wallonia","Asia","Belgium","present","2002","2018","invasive","release_biological_control","terrestrial","Adriaens, T., E. Branquart, and D. Maes. 2003. The Multicoloured Asian Ladybird Harmonia axyridis Pallas (Coleoptera : Coccinellidae), a threat for native aphid predators in Belgium? Belgian Journal of Zoology 133:195-196.// Adriaens, T., G. M. Y. Gomez, and D. Maes. 2008. Invasion history, habitat preferences and phenology of the invasive ladybird Harmonia axyridis in Belgium. BioControl 53:69-88.",,,,,2018-04-17,"Tim Adriaens",
"Harmonia axyridis (Pallas, 1773)","Animalia","Arthropoda","Coleoptera","Coccinellidae","Harmonia","species","ICZN","Brussels","Asia","Belgium","present","2001","2018","invasive","release_biological_control","terrestrial","Adriaens, T., E. Branquart, and D. Maes. 2003. The Multicoloured Asian Ladybird Harmonia axyridis Pallas (Coleoptera : Coccinellidae), a threat for native aphid predators in Belgium? Belgian Journal of Zoology 133:195-196.// Adriaens, T., G. M. Y. Gomez, and D. Maes. 2008. Invasion history, habitat preferences and phenology of the invasive ladybird Harmonia axyridis in Belgium. BioControl 53:69-88.",,,,,2018-04-17,"Tim Adriaens",
"Cryptolaemus montrouzieri Mulsant, 1853","Animalia","Arthropoda","Coleoptera","Coccinellidae","Cryptolaemus","species","ICZN",,"Australia","Belgium","present",,,"cultivated","release_biological_control","terrestrial","Merlin, J., M. Dolmans, D. Gérard, and M. Pasteels. 1992. Analyse des potentialités des coccinelles Exochomus quadripustulatus L. et Cryptolaemus montrouzieri Mulsant et tant qu'auxilliaires dans la lutte contre la cochenille Eupulvinaria hydrangea (Stenw.). Mém.Soc.R.belge Ent. 35:541-547.",,,,,2018-04-17,"Tim Adriaens",
"Rhyzobius lophantae (Blaisdell)","Animalia","Arthropoda","Coleoptera","Coccinellidae","Rhyzobius","species","ICZN","Flanders","Australia","Belgium","present","1976",,"casual","release_biological_control","terrestrial","Van den Heuvel, R. 1988. Rhyzobius lophantae (Blaisdell), een nieuwe soort voor de Belgische fauna of een toevallig ingevoerd exemplaar ? (Coleoptera: Coccinellidae). Phegea 16:102.",,,,,2018-04-17,"Tim Adriaens",
"Rhyzobius forestieri (Mulsant, 1853)","Animalia","Arthropoda","Coleoptera","Coccinellidae","Rhyzobius","species","ICZN","Flanders","Australia","Belgium","present","2018",,"casual","release_biological_control","terrestrial","observation, https://waarnemingen.be/waarneming/view/149645919?_popup=1",,,,,2018-04-17,"Tim Adriaens",
"Rhyzobius forestieri (Mulsant, 1853)","Animalia","Arthropoda","Coleoptera","Coccinellidae","Rhyzobius","species","ICZN","Brussels","Australia","Belgium","present","2006","2017","established","release_biological_control","terrestrial","Bogaert, J. 2008. Australisch lieveheersbeestje Rhyzobius forestieri gevonden te Brussel. Coccinula 15:6-8.",,,,,2018-04-17,"Tim Adriaens",
"Hippodamia convergens Guérin-Meneville, 1842","Animalia","Arthropoda","Coleoptera","Coccinellidae","Hippodamia","species","ICZN",,"North America","Belgium","present",,,"cultivated","release_biological_control","terrestrial","Helen Roy & Alain Migeon / BioRisk 4(1): 293–313 (2010). doi: 10.3897/biorisk.4.49",,,,,2018-04-17,"Tim Adriaens",
"Coccinella miranda Wollaston, 1864","Animalia","Arthropoda","Coleoptera","Coccinellidae","Coccinella","species","ICZN","Brussels","Canary islands","Belgium","present","2013","2013","captive","stowaway_people_luggage","terrestrial","observation, https://waarnemingen.be/waarneming/view/80562225",,,,,2018-04-17,"Tim Adriaens",
"Camponotus vagus (Scopoli, 1763)","Animalia","Arthropoda","Hymenoptera","Formicidae","Camponotus","species","ICZN","Flanders","Europe","Belgium","present","1998",,"casual","contaminant_timber","terrestrial","Dekoninck W, Pauly A., 2002, Camponotus vagus Scopoli, 1763 (Hymenoptera Formicidae) a new ant species for Belgium? Bulletin de la Société royale belge d'Entomologie; 138:29-30.",,,,"in vrije natuur",2018-04-17,"Tim Adriaens","Wouter Dekoninck"
"Hypoponera punctatissima (Roger, 1859)","Animalia","Arthropoda","Hymenoptera","Formicidae","Hypoponera","species","ICZN","Flanders","cosmopolitan ?","Belgium","present","1911",,"casual",,"terrestrial","www.formicidae-atlas.be; Dekoninck et al 2012 ATLAS België; Boer P, Blommaart J, Huijbregts H, van Nunen F, and Vorst O, 2006. De compostmier Hypoponera punctatissima in het vrije veld. Entomologische Berichten Amsterdam 66(2), 56-57.",,,,"in vrije natuur + binnen",2018-04-17,"Tim Adriaens","Wouter Dekoninck"
"Hypoponera schauinslandi (Emery, 1899)","Animalia","Arthropoda","Hymenoptera","Formicidae","Hypoponera","species","ICZN","Flanders","cosmopolitan ?","Belgium","present","1911",,"casual",,"terrestrial","Dekoninck, W, Maelfait, J-P, Vankerkhoven, F, Baugnée, J-Y, and Grootaert, P, 2006. An update of the clecklist of the Belgian ant fauna with comments on new species for the country (Hymenoptera, Formicidae). Belgian Journal of Entomology 8, 27-41.",,,,"enkel binnen, serres etc",2018-04-17,"Tim Adriaens","Wouter Dekoninck"
"Lasius neglectus van Loon, Boomsma & Andrásfalvy, 1990","Animalia","Arthropoda","Hymenoptera","Formicidae","Lasius","species","ICZN","Flanders","Europe","Belgium","present","1978",,"established","contaminant_on_plants","terrestrial","Dekoninck, W, Lock, K, and Janssens, F., 2007. Eur. J. Entomol. 104, 159-161; DEKONINCK W, DE BAERE C, MERTENS J & MAELFAIT J-P, 2002. On the arrival of the Asian invader ant Lasius neglectus in Belgium (Hymenoptera: Formicidae). Bulletin S.R.B.E./K.B.V.E., 138: 45-48.",,,,"in vrije natuur",2018-04-17,"Tim Adriaens","Wouter Dekoninck"
"Linepithema humile (Mayr, 1868)","Animalia","Arthropoda","Hymenoptera","Formicidae","Linepithema","species","ICZN","Flanders","south America","Belgium","present","2003",,"established","contaminant_on_plants","terrestrial","Dekoninck, W, Maelfait, J-P, Vankerkhoven, F, Baugnée, J-Y, and Grootaert, P, 2006. An update of the clecklist of the Belgian ant fauna with comments on new species for the country (Hymenoptera, Formicidae). Belgian Journal of Entomology 8, 27-41.",,,,"in serres, voorlopig in NL outdoor",2018-04-17,"Tim Adriaens","Wouter Dekoninck"
"Monomorium pharaonis (Linnaeus, 1758)","Animalia","Arthropoda","Hymenoptera","Formicidae","Monomorium","species","ICZN","Flanders","Africa","Belgium","present","1911",,"established",,"terrestrial","www.formicidae-atlas.be",,,,"indoors, via mens en goederen
",2018-04-17,"Tim Adriaens","Wouter Dekoninck"
"Pheidole bilimeki Mayr, 1870","Animalia","Arthropoda","Hymenoptera","Formicidae","Pheidole","species","ICZN","Brussels",,"Belgium","present","1911",,"casual",,"terrestrial","Bondroit 1911",,,,,2018-04-17,"Tim Adriaens","Wouter Dekoninck"
"Tapinoma melanocephalum (Fabricius, 1793)","Animalia","Arthropoda","Hymenoptera","Formicidae","Tapinoma","species","ICZN","Wallonia","cosmopolitan ?","Belgium","present","2005",,"established",,"terrestrial","Dekoninck W, Wegnez P, Espadaler X & Grootaert P, 2006. First record of infestation of the ghost ant Tapinoma melanocephalum (Fabricius, 1793) in Belgium (Hymenoptera, Formicidae) – a new indoor pest problem for the country? Bulletin S.R.B.E./K.B.V.E., 142: 25-28.",,,,"indoors",2018-04-17,"Tim Adriaens","Wouter Dekoninck"
"Technomyrmex vitiensis (Smith, 1861)","Animalia","Arthropoda","Hymenoptera","Formicidae","Technomyrmex","species","ICZN","Flanders","cosmopolitan ?","Belgium","present",">1980",,"established",,"terrestrial","Dekoninck W, Ignace D & Wegnez P, 2010. Records of a new pest ant species in Belgium, Technomyrmex vitiensis Mann, 1921. Bulletin S.R.B.E./K.B.V.E., 146: 83-90.",,,,"in serres",2018-04-17,"Tim Adriaens","Wouter Dekoninck"
"Tetramorium bicarinatum (Nylander, 1846)","Animalia","Arthropoda","Hymenoptera","Formicidae","Tetramorium","species","ICZN","Wallonia","cosmopolitan ?","Belgium","present",">1980",,"established",,"terrestrial","Dekoninck, W, Maelfait, J-P, Vankerkhoven, F, Baugnée, J-Y, and Grootaert, P, 2006. An update of the clecklist of the Belgian ant fauna with comments on new species for the country (Hymenoptera, Formicidae). Belgian Journal of Entomology 8, 27-41.",,,,"in huizen, serres",2018-04-17,"Tim Adriaens","Wouter Dekoninck"
"Tetraponera allaborans (Walker, 1859)","Animalia","Arthropoda","Hymenoptera","Formicidae","Tetraponera","species","ICZN","Wallonia","South-East Asia ?","Belgium","present",">1980",,"casual",,"terrestrial","DEKONINCK W, HENDRICKX F, DETHIER M, & MAELFAIT J-P, 2010. Spontaneous afforestation endangers the special ant fauna of abandoned quarries along the river Meuse (Wallonia, Belgium). Restoration Ecology, 18(5): 681-690.",,,,"mogelijks reeds verdwenen, was wel in de vrije natuur",2018-04-17,"Tim Adriaens","Wouter Dekoninck"
"Plagiolepis pygmaea (Latreille, 1798)","Animalia","Arthropoda","Hymenoptera","Formicidae","Plagiolepis","species","ICZN",,"Europe","Belgium","present",">1980",,"casual",,"terrestrial",,,,,,2018-04-17,"Tim Adriaens","Wouter Dekoninck"
"Pheidole anastasii Emery, 1896","Animalia","Arthropoda","Hymenoptera","Formicidae","Pheidole","species","ICZN",,,"Belgium","present",,,"casual",,"terrestrial",,,,,,2018-04-17,"Tim Adriaens","Wouter Dekoninck"
"Paratrechina longicornis (Latreille, 1802)","Animalia","Arthropoda","Hymenoptera","Formicidae","Paratrechina","species","ICZN",,"cosmopolitan ?","Belgium","present",">1980",,"casual",,"terrestrial","DEKONINCK W. & BROUCKAERT D., 2011. Paratrechina longicornis an introduced ant in a subtropicaswimming pool infrastructure in Belgium. Bulletin S.R.B.E./K.B.V.E., 147: 99-101.",,,,"enkel binnen, tropische zwembaden en serres etc",2018-04-17,"Tim Adriaens","Wouter Dekoninck"
"Ischnura senegalensis Rambur, 1842","Animalia","Arthropoda","Odonata","Coenagrionidae","Ischnura","species","ICZN","Flanders","Africa, Asia","Belgium","present","2013","2013","casual","contaminant_on_plants","freshwater","Adriaens, T., and G. De Knijf. 2015. A first report of introduced non-native damselfly species (Zygoptera, Coenagrionidae) for Belgium. Belg. J. Zool 145:76-80.",,,,,2018-04-17,"Tim Adriaens",
"Pseudagrion microcephalum Rambur, 1842","Animalia","Arthropoda","Odonata","Coenagrionidae","Pseudagrion","species","ICZN","Flanders","Asia","Belgium","present","2011","2012","casual","contaminant_on_plants","freshwater","Adriaens, T., and G. De Knijf. 2015. A first report of introduced non-native damselfly species (Zygoptera, Coenagrionidae) for Belgium. Belg. J. Zool 145:76-80.",,,,,2018-04-17,"Tim Adriaens",
"Aedes koreicus (Edwards, 1917)","Animalia","Arthropoda","Diptera","Culicidae","Aedes","species","ICZN","Flanders","Asia","Belgium","present","2008","2018","established","stowaway_other","terrestrial;freshwater","Versteirt et al. (2012) Bionomics of the Established Exotic Mosquito Species Aedes koreicus in Belgium, Europe. J. Med. Entomol. 49(6): 1226-1232; DOI: http://dx.doi.org/10.1603/ME11170",,,,,2018-04-17,"Tim Adriaens","Isra Deblauwe"
"Aedes japonicus (Theobald, 1901)","Animalia","Arthropoda","Diptera","Culicidae","Aedes","species","ICZN","Wallonia","Asia","Belgium","present","2002","2018","established","stowaway_other","terrestrial;freshwater","Versteirt et al. (2009) Introduction and Establishment of the Exotic Mosquito Species Aedes japonicus japonicus (Diptera: Culicidae) in Belgium. J. Med. Entomol. 46(6): 1464-1467 (2009)",,,,"under management, used tires, Natoye population",2018-04-17,"Tim Adriaens","Isra Deblauwe"
"Anopheles pharoensis Theobald, 1901","Animalia","Arthropoda","Diptera","Culicidae","Anopheles","species","ICZN","Wallonia","East Africa","Belgium","present","2017",,"transported","stowaway_other","terrestrial;freshwater",,,,,,2018-04-17,"Tim Adriaens","Isra Deblauwe"
"Aedes albopictus Skuse","Animalia","Arthropoda","Diptera","Culicidae","Aedes","species","ICZN","Flanders","Asia","Belgium","present","2000","2016","established","stowaway_other","terrestrial;freshwater","Schaffner F, Van Bortel W, Coosemans M. First record ofAedes (Stegomyia) albopictusin Belgium. J Am Mosq Control Assoc. 2004 Jun;20(2):201-3",,,,"under management, used tires and lucky bamboo",2018-04-17,"Tim Adriaens","Isra Deblauwe"
"Potamothrix heuscheri (Bretscher, 1900)","Animalia","Annelida","Haplotaxida","Naididae","Potamothrix","species","ICZN","Flanders",,"Belgium","present",,,"established",,,"Jan Soors",,,,,2018-04-17,"Tim Adriaens",
"Pleurodeles waltl Michahelles, 1830","Animalia","Chordata","Caudata","Salamandridae","Pleurodeles","species","ICZN","Flanders","Iberia","Belgium","present","2011","2012","established","release_landscape_improvement","freshwater","https://www.natuurpunt.be/nieuws/spaanse-ribbensalamanders-weggevangen-neeroeteren-20120710",,,,"eradicated",2018-04-18,"Tim Adriaens",
"Rhinella marina (Linnaeus, 1758)","Animalia","Chordata","Anura","Bufonidae","Rhinella","species","ICZN","Flanders","Central America","Belgium","present","2010",,"casual",,"freshwater","Thonissen_Jagen",,,,,2018-04-18,"Tim Adriaens",
"Pelophylax ridibundus (Pallas, 1771)","Animalia","Chordata","Anura","Ranidae","Pelophylax","species","ICZN","Flanders","Europe","Belgium","present","1975","2018","established",,"freshwater","Burny & Parent 1985; Jooris 2002; Anonymus 2008; Holsbeek et al. 2008, 2009, 2010",,,,,2018-04-18,"Tim Adriaens",
"Podarcis siculus (Rafinesque-schmaltz, 1810)","Animalia","Chordata","Squamata","Lacertidae","Podarcis","species","ICZN","Flanders","Southern Europe","Belgium","present","2004","2017","casual",,"terrestrial","http://www.hylawerkgroep.be/files/0048/hyla_flits_017_censuur.pdf",,,,,2018-04-18,"Tim Adriaens",
"Lacerta viridis (Laurenti, 1768) / bilineata","Animalia","Chordata","Squamata","Lacertidae","Lacerta","species","ICZN","Flanders","Southern Europe","Belgium","present","2006","2017","casual",,"terrestrial","http://www.hylawerkgroep.be/files/0048/hyla_flits_017_censuur.pdf",,,,,2018-04-18,"Tim Adriaens",
"Lithobates catesbeianus (Shaw, 1802)","Animalia","Chordata","Anura","Ranidae","Lithobates","species","ICZN","Flanders","eastern North America","Belgium","present","1996","2018","established",,"freshwater","Jooris 2001, 2005; Adriaens et al. 2010; Sharifian-Fard 2011",,,,,2018-04-18,"Tim Adriaens",
"Podarcis muralis (Laurenti, 1768)","Animalia","Chordata","Squamata","Lacertidae","Podarcis","species","ICZN","Flanders","Europe","Belgium","present","2004","2018","established",,"terrestrial","Jooris & Lehouck 2007. De Muurhagedis in Vlaandern.  Natuur.Focus 6(4): 123-129",,,,"not sure what pathway this is",2018-04-18,"Tim Adriaens",
"Trachemys scripta subsp. elegans (Wied, 1838)","Animalia","Chordata","Testudines","Emydidae","Trachemys","species","ICZN","Flanders","North America","Belgium","present","1975","2018","casual","escape_pet;release_other","freshwater","Anonymus 2008",,,,,2018-04-18,"Tim Adriaens",
"Trachemys scripta subsp. troostii (Holbrook, 1836)","Animalia","Chordata","Testudines","Emydidae","Trachemys","species","ICZN","Flanders","North America","Belgium","present","2003","2018","casual","escape_pet;release_other","freshwater","Anonymus 2008",,,,,2018-04-18,"Tim Adriaens",
"Graptemys pseudogeographica subsp. pseudogeographica (Gray, 1831)","Animalia","Chordata","Testudines","Emydidae","Graptemys","species","ICZN","Flanders","North America","Belgium","present","2005","2018","casual","escape_pet;release_other","freshwater","Anonymus 2008",,,,,2018-04-18,"Tim Adriaens",
"Pelophylax bedriagae (Camerano, 1882)","Animalia","Chordata","Anura","Ranidae","Pelophylax","species","ICZN","Flanders","southern Europe","Belgium","present","2000","2018","established",,"freshwater","Holsbeek et al. 2008, 2009, 2010",,,,,2018-04-18,"Tim Adriaens",
"Xenopus laevis (Daudin, 1802)","Animalia","Chordata","Anura","Pipidae","Xenopus","species","ICZN","Flanders","Africa","Belgium","present",,,"casual",,"freshwater",,,,,,2018-04-18,"Tim Adriaens",
"Trachemys scripta subsp. scripta (Schoepff, 1792)","Animalia","Chordata","Testudines","Emydidae","Trachemys","species","ICZN","Flanders","North America","Belgium","present",,"2018","casual","escape_pet;release_other","freshwater","Anonymus 2008",,,,,2018-04-18,"Tim Adriaens",
"Graptemys pseudogeographica subsp. kohnii (Baur, 1890)","Animalia","Chordata","Testudines","Emydidae","Graptemys","species","ICZN","Flanders","North America","Belgium","present","2005","2018","casual","escape_pet;release_other","freshwater","Anonymus 2008",,,,,2018-04-18,"Tim Adriaens",
"Pachytriton labiatus (Unterstein, 1930)","Animalia","Chordata","Caudata","Salamandridae","Pachytriton","species","ICZN","Flanders","Asia","Belgium","present","2001","2007","casual","escape_pet;release_other","freshwater","Hyla databank",,,,,2018-04-18,"Tim Adriaens",
"Triturus marmoratus (Latreille, 1800)","Animalia","Chordata","Caudata","Salamandridae","Triturus","species","ICZN","Flanders","southern Europe","Belgium","present","2018","2018","casual","release_landscape_improvement;escape_pet","freshwater","observation:",,,,,2018-04-18,"Tim Adriaens",
"Orthriophis taeniurus (Cope, 1861)","Animalia","Chordata","Squamata","Colubridae","Orthriophis","species","ICZN","Flanders","Asia","Belgium","present","2006","2017","established","escape_pet","terrestrial","https://www.natuurpunt.be/nieuws/taiwanese-rattenslang-plant-zich-voort-dankzij-microklimaat-20160707",,,,,2018-04-18,"Tim Adriaens",
"Natrix natrix (Linnaeus, 1758)","Animalia","Chordata","Squamata","Natricidae","Natrix","species","ICZN","Flanders","Europe","Belgium","present","1968","2018","established","release_landscape_improvement;release_conservation","freshwater",,,,,,2018-04-18,"Tim Adriaens",
"Podarcis muralis (Laurenti, 1768)","Animalia","Chordata","Squamata","Lacertidae","Podarcis","species","ICZN","Brussels","Europe","Belgium","present",,"2018","established",,"terrestrial","Jooris & Lehouck 2007. De Muurhagedis in Vlaandern.  Natuur.Focus 6(4): 123-129",,,,"not sure what pathway this is",2018-04-18,"Tim Adriaens",
"Bellamya chinensis (Gray, 1834)","Animalia","Mollusca",,,"Bellamya","species","ICZN","Flanders","Southeast Asia","Belgium","present","2016","2017","established","escape_pet","freshwater","Van den Neucker T, Schildermans T, Scheers K. 2017. The invasive Chinese mystery snail Bellamya chinensis (Gastropoda: Viviparidae) expands its European range to Belgium. Knowl. Manag. Aquat. Ecosyst., 418, 8. DOI: 10.1051/kmae/2016040",,,,,2018-04-18,"Tim Adriaens",
"Cacyreus marshalli Butler, 1898","Animalia","Arthropoda","Lepidoptera","Lycaenidae","Cacyreus","species","ICZN","Brussels","southern Africa","Belgium","present","1991","2009","casual","contaminant_on_plants","terrestrial","paper Tim De Floris; Troukens W 1991. Cacyreus marshalli Butler, 1898 aangetroffen in België (Lepidoptera: Lycaenidae). — Phegea 19: 129–131.",,,,,2018-04-20,"Tim Adriaens",
"Paysandisia archon (Burmeister, 1880)","Animalia","Arthropoda","Lepidoptera","Castniidae","Paysandisia","species","ICZN","Flanders","Mallorca","Belgium","present","2011","2011","transported","contaminant_on_plants","terrestrial","Troukens W 2012. Een tropische verstekeling uit Mallorca: de palmmot Paysandisia archon (Lepidoptera: Castniidae). — Phegea 40(3): 62. (http://uahost.uantwerpen.be/vve/Phegea/2012/Phegea40-3_62.pdf)",,,,,2018-04-20,"Tim Adriaens",
"Cacyreus marshalli Butler, 1898","Animalia","Arthropoda","Lepidoptera","Lycaenidae","Cacyreus","species","ICZN","Flanders","southern Africa","Belgium","present",,,"casual","contaminant_on_plants","terrestrial","paper Tim De Floris",,,,,2018-04-20,"Tim Adriaens",
"Callopistria floridensis Guenée, 1852","Animalia","Arthropoda","Lepidoptera","Noctuidae","Callopistria","species","ICZN","Flanders","America","Belgium","present","2016","2016",,,"terrestrial","observation unpubl.",,,,,2018-04-20,"Tim Adriaens",
"Thaumatotibia leucotreta (Meyrick, 1913)","Animalia","Arthropoda","Lepidoptera","Tortricidae","Thaumatotibia","species","ICZN","Flanders","Africa","Belgium","present","2016","2016",,,"terrestrial","observation unpubl. https://waarnemingen.be/waarneming/view/121300320",,,,,2018-04-20,"Tim Adriaens",
"Tricellaria inopinata d'Hondt & Occhipinti Ambrogi, 1985","Animalia","Bryozoa",,"Candidae","Tricellaria","species","ICZN","Flanders",,"Belgium","present","2011",,,,"estuarine","De Blauwe, H.; Faasse, M. (2001). Extension of the range of the Bryozoans Tricellaria inopinata and Bugula simplex in the north-east Atlantic ocean (Bryozoa: Cheilostomatida) Ned. Faunist. Meded. 14: 103-112",,,,,2018-04-20,"Tim Adriaens",
"Tropidosteptes pacificus (Van Duzee, 1921)","Animalia","Arthropoda","Hemiptera","Miridae","Tropidosteptes","species","ICZN","Flanders","North America","Belgium","present","2009-07-17",,,,"terrestrial","Aukema, B., Bruers, J., & Viskens, G. (2007). Nieuwe en zeldzame Belgische wantsen II (Hemiptera: Heteroptera). Bulletin de la Société Royale Belge d'Entomologie= Bulletin van de Koninklijke Belgische Vereniging voor Entomologie, 143, 83-91.",,,,,2018-04-21,"Quentin Groom",
"Nysius huttoni FB White, 1878","Animalia","Arthropoda","Hemiptera","Lygaeidae","Nysius","species","ICZN","Flanders","New Zealand","Belgium","present","2004-03-16","2004-09-22","colonizing","stowaway","terrestrial","Aukema B, Bruers JM, Viskens G (2005b) A New Zealand endemic Nysius established in the NL and BE (Heteroptera: Lygaeidae). Belgian Journal of Entomology 7: 37–43.",,,,,2018-04-21,"Quentin Groom",
"Nysius huttoni FB White, 1878","Animalia","Arthropoda","Hemiptera","Lygaeidae","Nysius","species","ICZN","Wallonia","New Zealand","Belgium","present","2004-09-07",,"colonizing","stowaway","terrestrial","Aukema B, Bruers JM, Viskens G (2005b) A New Zealand endemic Nysius established in the NL and BE (Heteroptera: Lygaeidae). Belgian Journal of Entomology 7: 37–43.",,,,,2018-04-21,"Quentin Groom",
"Aproceros leucopoda Takeuchi, 1939","Animalia","Arthropoda","Hymenoptera","Argidae","Aproceros","species","ICZN","Flanders","East Asia","Belgium","present","2013",,,,"terrestrial","https://doi.org/10.3897/JHR.41.8681; Boevé J-L (2014) First record in Belgium of the invasive sawfly Aproceros leucopoda (Hymenoptera, Argidae) and some related ecological data. Bulletin de la Société Royale Belge d’Entomologie 149[2013]: 217–221.","Ulmus",,,,2018-04-21,"Quentin Groom",
"Amanita inopinata D.A. Reid & Bas","Fungi","Agaricomycetes","Agaricales","Amanitaceae","Amanita","species","ICN","Flanders","New Zealand","Belgium","present","2008","2012","reproducing",,"terrestrial","https://doi.org/10.7872/crym.v34.iss2.2013.211",,"rare",,,2018-04-24,"Quentin Groom",
"Amanita inopinata D.A. Reid & Bas","Fungi","Agaricomycetes","Agaricales","Amanitaceae","Amanita","species","ICN","Wallonia","New Zealand","Belgium","present","2012",,"reproducing",,"terrestrial","https://doi.org/10.7872/crym.v34.iss2.2013.211",,"rare",,,2018-04-24,"Quentin Groom",
"Chara braunii S.G.Gmel.","Plantae","Charophyta","Charales","Charophyceae","Chara","species","ICN","Flanders","southern Europe","Belgium","present","1864","2018","established","contaminant_on_animals","freshwater","Compère, P., 1992. Charophytes. Flora pratique des algues d’eau douce de Belgique, 4. Jardin botanique nationale de Belgique, B-1860 Meise.",,"rare",,"introduced originally with carp",2018-04-30,"Tim Adriaens",
"Acheta domesticus (Linnaeus, 1758)","Animalia","Arthropoda","Orthoptera","Gryllidae","Acheta","species","ICZN","Flanders",,"Belgium","present",,,"established","stowaway_other","terrestrial",,,,,,2018-05-02,"Tim Adriaens",
"Acheta domesticus (Linnaeus, 1758)","Animalia","Arthropoda","Orthoptera","Gryllidae","Acheta","species","ICZN","Wallonia",,"Belgium","present",,,"established","stowaway_other","terrestrial",,,,,,2018-05-02,"Tim Adriaens",
"Anacridium aegyptium (Linnaeus, 1764)","Animalia","Arthropoda","Orthoptera","Acrididae","Anacridium","species","ICZN","Flanders",,"Belgium","present","2010","2014","casual","stowaway_other","terrestrial",,,,,"often reared as food for terraria",2018-05-02,"Tim Adriaens",
"Anacridium aegyptium (Linnaeus, 1764)","Animalia","Arthropoda","Orthoptera","Acrididae","Anacridium","species","ICZN","Wallonia",,"Belgium","present",,,"casual","stowaway_other","terrestrial",,,,,"often reared as food for terraria",2018-05-02,"Tim Adriaens",
"Meconema meridionale Costa & A., 1860","Animalia","Arthropoda","Orthoptera","Tettigoniidae","Meconema","species","ICZN","Wallonia","southern Europe","Belgium","present","1995","2018","established","stowaway_vehicles","terrestrial",,,,,,2018-05-02,"Tim Adriaens",
"Meconema meridionale Costa & A., 1860","Animalia","Arthropoda","Orthoptera","Tettigoniidae","Meconema","species","ICZN","Flanders","southern Europe","Belgium","present",,"2018","established","stowaway_vehicles","terrestrial",,,,,,2018-05-02,"Tim Adriaens",
"Gryllodes sigillatus (Walker & F., 1869)","Animalia","Arthropoda","Orthoptera","Gryllidae","Gryllodes","species","ICZN","Flanders","south east Asia","Belgium","present",,,"casual",,"terrestrial",,,,,"often reared as reptile food for terraria",2018-05-02,"Tim Adriaens",
"Yersinella raymondii (Yersin, 1860)","Animalia","Arthropoda","Orthoptera","Tettigoniidae","Yersinella","species","ICZN","Flanders",,"Belgium","present","2012","2012","casual","unknown","terrestrial","pers. comm. Floris Verhaeghe",,,,,2018-05-02,"Tim Adriaens",
"Gryllomorpha dalmatina","Animalia","Arthropoda","Orthoptera","Gryllidae","Gryllomorpha","species","ICZN","Brussels",,"Belgium","present",,,"casual",,"terrestrial",,,,,,2018-05-02,"Tim Adriaens",
"Gryllomorpha dalmatina","Animalia","Arthropoda","Orthoptera","Gryllidae","Gryllomorpha","species","ICZN","Wallonia",,"Belgium","present",,,"casual",,"terrestrial",,,,,,2018-05-02,"Tim Adriaens",
"Gryllus bimaculatus","Animalia","Arthropoda","Orthoptera","Gryllidae","Gryllus","species","ICZN","Flanders",,"Belgium","present",,,"casual",,"terrestrial",,,,,,2018-05-02,"Tim Adriaens",
"Tachycines asinamorus","Animalia","Arthropoda","Orthoptera","Rhaphidophoridae","Tachycines","species","ICZN","Flanders","Asia","Belgium","present",,,"transported","contaminant_on_plants","terrestrial",,,,,,2018-05-02,"Tim Adriaens",
"Vespa velutina Lepeletier, 1836","Animalia","Arthropoda","Hymenoptera","Vespidae","Vespa","species","ICZN","Flanders","Asia","Belgium","present","2016","2018","reproducing","unaided","terrestrial",,,,,,2018-05-02,"Tim Adriaens",
"Vespa velutina Lepeletier, 1836","Animalia","Arthropoda","Hymenoptera","Vespidae","Vespa","species","ICZN","Wallonia","Asia","Belgium","present","2011","2018","reproducing","unaided","terrestrial",,,,,,2018-05-02,"Tim Adriaens",
"Aphanomyces astaci","Fungi","Heterokontophyta",,,,"species","ICN",,,"Belgium","present",,,,"contaminant_animal_parasite","freshwater",,,,,,2018-05-02,"Tim Adriaens",
"Lentinula edodes","Fungi","Basidiomycota",,,,"species","ICN","Flanders",,"Belgium","present",,,,,"terrestrial","Steeman & Veraghtert 2011 Natuur.Focus",,,,,2018-05-02,"Tim Adriaens",
"Stropharia aurantiaca","Fungi","Basidiomycota",,,,"species","ICN","Flanders",,"Belgium","present",,,,,"terrestrial","Steeman & Veraghtert 2011 Natuur.Focus",,,,,2018-05-02,"Tim Adriaens",
"Campylopus introflexus Bridel, 1819","Plantae","Bryophyta",,,,"species","ICN","Flanders",,"Belgium","present","1966","2018","established",,"terrestrial","Jacques & Lambinon 1968, Stieperaere & Jacques 1995",,,,,2018-05-02,"Tim Adriaens",
"Lophocolea semiteres (Lehm.) Mitt.","Plantae","Bryophyta",,,,"species","ICN","Flanders",,"Belgium","present","1956","2018","established",,"terrestrial","Stieperaere & Jacques 1995",,,,,2018-05-02,"Tim Adriaens",
"Orthodontium lineare Schwaegrichen, 1827","Plantae","Bryophyta",,,,"species","ICN","Flanders",,"Belgium","present","1945","2018","established",,"terrestrial","Stieperaere & Jacques 1995",,,,,2018-05-02,"Tim Adriaens",
"Anoplophora chinensis (Forster, 1771)","Animalia","Arthropoda","Coleoptera","Cerambycidae","Anoplophora","species","ICZN","Flanders","Asia","Belgium","present","2005","2006","transported","contaminant_on_plants","terrestrial","Thomaes A. 2006 Anoplophora chinensis Förster voor het eerst gevonden in België (Coleoptera, Cerambycidae). Entomo-info",,,,"introduced with bonsai tree from China",2018-05-02,"Tim Adriaens",
"Anoplophora glabripennis (Motschulsky, 1854)","Animalia","Arthropoda","Coleoptera","Cerambycidae","Anoplophora","species","ICZN","Flanders","Asia","Belgium","present","2008","2008","transported","stowaway_organic_packing","terrestrial","unpubl. data",,,,"introduced in load of tiles for terrace",2018-05-02,"Tim Adriaens",
"Callidiellum rufipenne Niisato, 2007","Animalia","Arthropoda","Coleoptera","Cerambycidae","Callidiellum","species","ICZN","Flanders","China and Japan","Belgium","present","2006","2018","established","contaminant_on_plants","terrestrial","DRUMONT, A., SMETS, K., SCHEERS, K., THOMAES, A., VANDENHOUDT, R. & LODEWIJCKX, M. (2014). Callidiellum rufipenne (Motschulsky, 1861) en Belgique: bilan de sa présence et de son installation sur notre territoire (Coleoptera, Cerambycidae, Cerambycinae). Bulletin van de Koninklijke Belgische Vereniging voor Entomologie 150 (3): 239-249.","dead Cypressus",,,"first population found in 2009",2018-05-02,"Tim Adriaens",
"Fulvius subnittens","Animalia","Arthropoda",,,,"species","ICZN","Flanders",,"Belgium","present","2008",,,,"terrestrial","Chérot, F., Aukema,B., Bruers,J.& Viskens,G. (2011) Exotic species of Aradidae nad Miridae recently found in Antwerp harbour, bull KBVE 147: 15-19",,,,,2018-05-02,"Tim Adriaens",
"Neuroctenus lestoni","Animalia","Arthropoda",,,,"species","ICZN","Flanders",,"Belgium","present","2009",,,,"terrestrial","Chérot, F., Aukema,B., Bruers,J.& Viskens,G. (2011) Exotic species of Aradidae nad Miridae recently found in Antwerp harbour, bull KBVE 147: 15-19",,,,,2018-05-02,"Tim Adriaens",
"Fulvius anthocoroides","Animalia","Arthropoda",,,,"species","ICZN","Flanders",,"Belgium","present","2008",,,,"terrestrial","Chérot, F., Aukema,B., Bruers,J.& Viskens,G. (2011) Exotic species of Aradidae nad Miridae recently found in Antwerp harbour, bull KBVE 147: 15-19",,,,,2018-05-02,"Tim Adriaens",
"Spiranthes cernua x S. odorata","Plantae","Embryophyta","Asparagales","Orchidaceae","Spiranthes","species","ICN","Flanders",,"Belgium","present","2014","2018","established","escape_horticulture","terrestrial","in press Natuur.focus",,,,"species from horticulture",2018-05-02,"Tim Adriaens",
"Callosciurus erythraeus (Pallas, 1779)","Animalia","Mammalia","Rodentia","Sciurudae","Callosciurus","species","ICZN","Flanders","Asia","Belgium","present","2004","2011","established","escape_zoo | escape_pet","terrestrial","Adriaens et al. Biol Invasions  10.1007/s10530-015-0898-z",,,,"eradicated from a parc",2018-05-02,"Tim Adriaens",
"Callosciurus prevostii (Desmarest, 1822)","Animalia","Mammalia","Rodentia","Sciurudae","Callosciurus","species","ICZN","Flanders",,"Belgium","present","2011","2018","casual","escape_pet","terrestrial","unpubl. observation",,,,,2018-05-02,"Tim Adriaens",
"Tamiasciurus hudsonicus (Erxleben, 1777)","Animalia","Mammalia","Rodentia","Sciurudae","Tamiasciurus","species","ICZN","Flanders",,"Belgium","present","2015","2017","casual","escape_pet","terrestrial","unpubl. observation",,,,,2018-05-02,"Tim Adriaens",
"Sciurus niger Linnaeus, 1758","Animalia","Mammalia","Rodentia","Sciurudae","Sciurus","species","ICZN","Wallonia",,"Belgium","present","2014","2015","casual","escape_pet","terrestrial","unpubl. observation",,,,,2018-05-02,"Tim Adriaens",
"Sciurus carolinensis Gmelin, 1788","Animalia","Mammalia","Rodentia","Sciurudae","Sciurus","species","ICZN","Flanders",,"Belgium","present","2000","2015","casual","escape_pet","terrestrial","Verbeylen, G. (2003) in Verkem, S., De Maeseneer, J., Vandendriessche, B., Verbeylen, G. & Yskout, S. Zoogdieren in Vlaanderen. Ecologie en verspreiding van 1987 tot 2002. Natuurpunt Studie en JNM-Zoogdierenwerkgroep, Mechelen en Gent, België.",,,,,2018-05-02,"Tim Adriaens",
"Tamias sibiricus (Laxmann, 1769)","Animalia","Mammalia","Rodentia","Sciurudae","Tamias","species","ICZN","Flanders",,"Belgium","present","1976","2018","established","escape_zoo | escape_pet","terrestrial","Verbeylen, G. (2003) in Verkem, S., De Maeseneer, J., Vandendriessche, B., Verbeylen, G. & Yskout, S. Zoogdieren in Vlaanderen. Ecologie en verspreiding van 1987 tot 2002. Natuurpunt Studie en JNM-Zoogdierenwerkgroep, Mechelen en Gent, België.",,,,,2018-05-02,"Tim Adriaens",
"Nyctereutes procyonoides (Gray, 1834)","Animalia","Mammalia","Carnivora","Canidae","Nyctereutes","species","ICZN","Flanders",,"Belgium","present",,"2018",,,"terrestrial","Verbeylen, G. (2003) in Verkem, S., De Maeseneer, J., Vandendriessche, B., Verbeylen, G. & Yskout, S. Zoogdieren in Vlaanderen. Ecologie en verspreiding van 1987 tot 2002. Natuurpunt Studie en JNM-Zoogdierenwerkgroep, Mechelen en Gent, België.",,,,,2018-05-02,"Tim Adriaens",
"Tamias sibiricus (Laxmann, 1769)","Animalia","Mammalia","Rodentia","Sciurudae","Tamias","species","ICZN","Brussels",,"Belgium","present",,"2018","established","escape_zoo | escape_pet","terrestrial","Verbeylen, G. (2003) in Verkem, S., De Maeseneer, J., Vandendriessche, B., Verbeylen, G. & Yskout, S. Zoogdieren in Vlaanderen. Ecologie en verspreiding van 1987 tot 2002. Natuurpunt Studie en JNM-Zoogdierenwerkgroep, Mechelen en Gent, België.",,,,,2018-05-02,"Tim Adriaens",
"Procyon cancrivorus","Animalia","Mammalia","Carnivora","Procyonidae","Procyon","species","ICZN","Flanders",,"Belgium","present","2006",,"casual",,"terrestrial","Van den Berge Zoogdier http://www.zoogdierwinkel.nl/sites/default/files/imce/nieuwesite/Winkel/pdf%20download/Zoogdier_Jaargang_19_2_2008_JUN_0.pdf",,,,,2018-05-02,"Tim Adriaens",
"Nasua nasua (Linnaeus, 1766)","Animalia","Mammalia","Carnivora","Procyonidae","Nasua","species","ICZN","Flanders",,"Belgium","present","2007",,"casual","escape_pet","terrestrial","Van den Berge Zoogdier http://www.zoogdierwinkel.nl/sites/default/files/imce/nieuwesite/Winkel/pdf%20download/Zoogdier_Jaargang_19_2_2008_JUN_0.pdf",,,,,2018-05-02,"Tim Adriaens",
"Mephitis mephitis (Schreber, 1776)","Animalia","Mammalia","Carnivora","Mephitidae","Mephitis","species","ICZN","Flanders","North America","Belgium","present",,"2014","casual","escape_pet","terrestrial","Van den Berge Zoogdier http://www.zoogdierwinkel.nl/sites/default/files/imce/nieuwesite/Winkel/pdf%20download/Zoogdier_Jaargang_19_2_2008_JUN_0.pdf",,,,,2018-05-02,"Tim Adriaens",
"Mustela vison Schreber, 1777","Animalia","Mammalia","Carnivora","Mustelidae","Mustela","species","ICZN","Flanders","North America","Belgium","present","1987","2018","reproducing","escape_fur_farm | unaided","terrestrial","Van den Berge Zoogdier http://www.zoogdierwinkel.nl/sites/default/files/imce/nieuwesite/Winkel/pdf%20download/Zoogdier_Jaargang_19_2_2008_JUN_0.pdf",,,,,2018-05-02,"Tim Adriaens",
"Sarcophilus harrisii (Boitard, 1841)","Animalia","Mammalia",,"Dasyuridae","Sarcophilus","species","ICZN","Flanders",,"Belgium","present","2007",,,"escape_pet","terrestrial","Van den Berge Zoogdier http://www.zoogdierwinkel.nl/sites/default/files/imce/nieuwesite/Winkel/pdf%20download/Zoogdier_Jaargang_19_2_2008_JUN_0.pdf",,,,,2018-05-02,"Tim Adriaens",
"Oryctolagus cuniculus (Linnaeus, 1758)","Animalia","Mammalia","Lagomorpha","Leporidae","Oryctolagus","species","ICZN","Flanders",,"Belgium","present",,,"established",,"terrestrial",,,,,,2018-05-02,"Tim Adriaens",
"Procyon lotor (Linnaeus, 1758)","Animalia","Mammalia","Carnivora","Procyonidae","Procyon","species","ICZN","Flanders","North America","Belgium","present",,"2018",,,"terrestrial",,,,,,2018-05-02,"Tim Adriaens",
"Meriones unguiculatus (Milne-Edwards, 1867)","Animalia","Mammalia","Rodentia","Muridae","Meriones","species","ICZN","Flanders",,"Belgium","present","2010","2011","reproducing","escape_pet","terrestrial",,,,,,2018-05-02,"Tim Adriaens",
"Myocastor coypus (Molina, 1782)","Animalia","Mammalia","Rodentia","Myocastoridae","Myocastor","species","ICZN","Flanders","South America","Belgium","present",,"2018",,,"freshwater",,,,,,2018-05-02,"Tim Adriaens",
"Rattus norvegicus (Berkenhout, 1769)","Animalia","Mammalia","Rodentia","Muridae","Rattus","species","ICZN","Flanders",,"Belgium","present",,"2018","established",,"terrestrial",,,,,,2018-05-02,"Tim Adriaens",
"Muntiacus reevesi (Ogilby, 1839)","Animalia","Mammalia","Artiodactyla","Cervidae","Muntiacus","species","ICZN","Flanders","Asia","Belgium","present","2005-2009","2018","established","release_hunting","terrestrial","Casaer, J., Boone, N., Devisscher, S., Vercammen J., Adriaens T. (2015). Best practice voor beheer van Chinese muntjak Muntiacus reevesi in Vlaanderen. Rapporten van het Instituut voor Natuur- en Bosonderzoek 2015 (INBO.R.2015.7092003). Instituut voor Natuur- en Bosonderzoek, Brussel.",,,,,2018-05-02,"Tim Adriaens",
"Dama dama (Linnaeus, 1758)","Animalia","Mammalia","Artiodactyla","Cervidae","Dama","species","ICZN","Flanders",,"Belgium","present",,,"established",,"terrestrial",,,,,,2018-05-02,"Tim Adriaens",
"Cervus nippon Temminck, 1838","Animalia","Mammalia","Artiodactyla","Cervidae","Cervus","species","ICZN","Flanders",,"Belgium","present",,"2018",,,"terrestrial",,,,,,2018-05-02,"Tim Adriaens",
"Castor canadensis Kuhl, 1820","Animalia","Mammalia","Rodentia","Castoridae","Castor","species","ICZN","Flanders","North America","Belgium","present",,,,,"freshwater",,,,,,2018-05-02,"Tim Adriaens",
"Cynomys ludovicianus (Ord, 1815)","Animalia","Mammalia","Rodentia","Sciuridae","Cynomys","species","ICZN","Flanders",,"Belgium","present",,,,"escape_pet","terrestrial",,,,,,2018-05-02,"Tim Adriaens",
"Ondatra zibethicus (Linnaeus, 1766)","Animalia","Mammalia","Rodentia","Cricetidae","Ondatra","species","ICZN","Flanders","North America","Belgium","present",,"2018","established",,"freshwater",,,,,,2018-05-02,"Tim Adriaens",
"Ovis ammon (Linnaeus, 1758)","Animalia","Mammalia","Artiodactyla","Bovidae","Ovis","species","ICZN","Wallonia",,"Belgium","present",,"2018",,"release_hunting","terrestrial",,,,,,2018-05-02,"Tim Adriaens",
"Felis catus Linnaeus, 1758","Animalia","Mammalia","Carnivora","Felidae","Felis","species","ICZN","Flanders",,"Belgium","present",,"2018","established","escape_pet","terrestrial",,,,,,2018-05-02,"Tim Adriaens",
"Rupicapra rupicapra (Linnaeus, 1758)","Animalia","Mammalia","Artiodactyla","Bovidae","Rupicapra","species","ICZN","Wallonia",,"Belgium","present","2013","2016",,,"terrestrial",,,,,,2018-05-02,"Tim Adriaens",
"Hydrochoerus hydrochaeris (Linnaeus, 1766)","Animalia","Mammalia","Rodentia","Caviidae","Hydrochoerus","species","ICZN","Flanders","South America","Belgium","present","2003","2003","casual",,"freshwater","https://www.nieuwsblad.be/cnt/nbra07062003_005",,,,,2018-05-02,"Tim Adriaens",
"Dolichotis patagonum (Zimmermann, 1780)","Animalia","Mammalia","Rodentia","Caviidae","Dolichotis","species","ICZN","Flanders",,"Belgium","present","2014","2017","casual",,"terrestrial",,,,,,2018-05-02,"Tim Adriaens",
"Batrachochytrium salamandrivorans A.Martel, Blooi, Bossuyt & Pasmans, 2013","Fungi","Chytridiomycota",,,"Batrachochytrium","species","ICN","Wallonia","Asia","Belgium","present","2013","2018",,"contaminant_animal_parasite","freshwater",,,,,,2018-05-02,"Tim Adriaens",
"Batrachochytrium dendrobatidis Longcore, Pessier & D.K.Nichols","Fungi","Chytridiomycota",,,"Batrachochytrium","species","ICN","Flanders",,"Belgium","present",,"2018",,"contaminant_animal_parasite","freshwater",,,,,,2018-05-02,"Tim Adriaens",
"Caenoplana bicolor (Graff, 1899)","Animalia","Platyhelminthes","Tricladida","Geoplanidae","Caenoplana","species","ICZN","Flanders","Australia","Belgium","present","2015","2017","casual","contaminant_habitat_material","terrestrial",,,,,"probably introduced with potted Eucalyptus",2018-05-02,"Tim Adriaens",
"Bipalium kewense Moseley, 1878","Animalia","Platyhelminthes","Tricladida","Geoplanidae","Bipalium","species","ICZN","Flanders","Southeast Asia","Belgium","present",,,,"contaminant_habitat_material","terrestrial",,,,,"cannot survive outside greenhouses",2018-05-02,"Tim Adriaens",
"Marionfyfea adventor Jones & Sluys, 2016","Animalia","Platyhelminthes","Tricladida","Geoplanidae","Marionfyfea","species","ICZN","Flanders","New Zeeland","Belgium","present",,,,"contaminant_habitat_material","terrestrial",,,,,,2018-05-02,"Tim Adriaens",
"Cameraria ohridella Deschka & Dimic, 1986","Animalia","Arthropoda","Lepidoptera","Gracillariidae","Cameraria","species","ICZN","Flanders","Southeastern Europe","Belgium","present","1999","2018","established","contaminant_on_plants","terrestrial",,"Aesculus",,,,2018-05-02,"Tim Adriaens",
"Cameraria gaultheriella (Walsingham, 1889)","Animalia","Arthropoda","Lepidoptera","Gracillariidae","Cameraria","species","ICZN","Flanders","North America","Belgium","present","2018","2018","casual","contaminant_on_plants","terrestrial",,"Gaultheria shallon",,,"introduced with flower pieces",2018-05-02,"Tim Adriaens",
"Achaearanea acoreensis","Animalia","Arachnida",,,,"species","ICZN","Flanders",,"Belgium","present","2002",,,,"terrestrial",,,,,"probably not viable outside the protected environment of heated greenhouses or other buildings",2018-05-03,"Tim Adriaens",
"Achaearanea veruculata","Animalia","Arachnida",,,,"species","ICZN","Flanders",,"Belgium","present","1992",,,,"terrestrial",,,,,,2018-05-03,"Tim Adriaens",
"Artema atlanta Walckenaer, 1837","Animalia","Arachnida",,"Pholcidae","Artema","species","ICZN","Flanders","pantropical","Belgium","present","2001",,"casual",,"terrestrial","VAN KEER K. & VAN KEER, J., (2001). Ingeburgerde exotische trilspinnen (Araneae: Pholcidae) in de Antwerpse haven en enkele algemene bedenkingen bij spinnenmigratie. Nieuwsbrief van de Belgische arachnologische Vereniging 16: 81-86",,,,,2018-05-03,"Tim Adriaens",
"Brachypelma albopilosum Valerio, 1980","Animalia","Arachnida",,"Theraphosidae","Brachypelma","species","ICZN","Flanders","Costa Rica","Belgium","present","1986",,"transported","stowaway_container","terrestrial",,,,,"with banana port of Antwerp",2018-05-03,"Tim Adriaens",
"Cerbalus sp.","Animalia","Arachnida",,,,"species","ICZN","Flanders","?","Belgium","present","2000",,"casual",,"terrestrial",,,,,,2018-05-03,"Tim Adriaens",
"Chaetopelma olivaceum","Animalia","Arachnida",,,,"species","ICZN","Flanders","Cyprus","Belgium","present",,,"casual",,"terrestrial",,,,,,2018-05-03,"Tim Adriaens",
"Crossopriza lyoni Blackwall 1867","Animalia","Arachnida",,,,"species","ICZN","Flanders","North America, Vietnam","Belgium","present","2001",,"established",,"terrestrial",,,,,,2018-05-03,"Tim Adriaens",
"Cryptachaea blattea Urquhart 1886","Animalia","Arachnida",,,,"species","ICZN","Flanders","?","Belgium","present",,,"established",,"terrestrial",,,,,,2018-05-03,"Tim Adriaens",
"Cryptachaea veruculata Urquhart 1886","Animalia","Arachnida",,,,"species","ICZN","Flanders","Australia","Belgium","present",,,"casual",,"terrestrial",,,,,,2018-05-03,"Tim Adriaens",
"Cupiennus getazi","Animalia","Arachnida",,,,"species","ICZN","Flanders","Middle America","Belgium","present","1991",,"casual",,"terrestrial",,,,,,2018-05-03,"Tim Adriaens",
"Eperigone eschatologica","Animalia","Arachnida",,,,"species","ICZN","Flanders",,"Belgium","present","1997",,,,"terrestrial",,,,,,2018-05-03,"Tim Adriaens",
"Euryopis episinoides Walckenaer 1847","Animalia","Arachnida",,,,"species","ICZN","Flanders","mediterranean","Belgium","present","2002",,"casual",,"terrestrial",,,,,,2018-05-03,"Tim Adriaens",
"Evarcha jucunda","Animalia","Arachnida",,,,"species","ICZN","Flanders","mediterranean","Belgium","present","1995",,"casual",,"terrestrial",,,,,,2018-05-03,"Tim Adriaens",
"Grammostola rosea Walckenaer 1837","Animalia","Arachnida",,,,"species","ICZN","Flanders","South America","Belgium","present",,,"casual",,"terrestrial",,,,,,2018-05-03,"Tim Adriaens",
"Hadrotarsus ornatus Hickman 1943","Animalia","Arachnida",,,,"species","ICZN","Flanders","Tasmania","Belgium","present","1999",,"casual",,"terrestrial",,,,,,2018-05-03,"Tim Adriaens",
"Haplodrassus sp.","Animalia","Arachnida",,,,"species","ICZN","Flanders",,"Belgium","present","1992",,,,"terrestrial",,,,,,2018-05-03,"Tim Adriaens",
"Haplodrassus signifer C.L. Koch 1839","Animalia","Arachnida",,,,"species","ICZN","Flanders","?","Belgium","present",,,"casual",,"terrestrial",,,,,,2018-05-03,"Tim Adriaens",
"Hasarius adansoni Audouin 1826","Animalia","Arachnida",,,,"species","ICZN","Flanders","?","Belgium","present","2002",,"established",,"terrestrial",,,,,,2018-05-03,"Tim Adriaens",
"Heliophanus kochii Simon 1868","Animalia","Arachnida",,,,"species","ICZN","Flanders","mediterranean","Belgium","present","2006",,"established",,"terrestrial",,,,,,2018-05-03,"Tim Adriaens",
"Heteropoda venatoria Linnaeus 1767","Animalia","Arachnida",,,,"species","ICZN","Flanders","southeast Asia, north and middle America","Belgium","present","1999",,"casual",,"terrestrial",,,,,,2018-05-03,"Tim Adriaens",
"Holocnemus pluchei Scopoli 1763","Animalia","Arachnida",,,,"species","ICZN","Flanders","mediterranean, north America","Belgium","present","1994",,"established",,"terrestrial",,,,,,2018-05-03,"Tim Adriaens",
"Latrodectus geometricus C.L. Koch 1841","Animalia","Arachnida",,,,"species","ICZN","Flanders","south America","Belgium","present","2006",,"casual",,"terrestrial",,,,,,2018-05-03,"Tim Adriaens",
"Latrodectus hasselti Thorell 1870","Animalia","Arachnida",,,,"species","ICZN","Flanders","Australia","Belgium","present","1999",,"casual",,"terrestrial",,,,,,2018-05-03,"Tim Adriaens",
"Latrodectus mactans Fabricius 1775","Animalia","Arachnida",,,,"species","ICZN","Flanders","North America, Mexico","Belgium","present","1987",,"casual",,"terrestrial",,,,,,2018-05-03,"Tim Adriaens",
"Leiobunum sp A","Animalia","Arachnida","Opiliones","Sclerosomatidae","Leiobunum","species","ICZN","Flanders",,"Belgium","present","2010",,"established",,"terrestrial","Vanherke, L. Hooiwagens in België – een overzicht. Nieuwsbr. Belg. Arachnol. Ver. (2010),25(2): 138 // WIJNHOVEN, H., SCHÖNHOFER, A.L. & MARTENS, J., 2007. An unidentified harvestman Leiobunum sp. alarmingly invading Europe (Opiliones). Arachnologische Mitteilungen, 34: 27-38.",,,,,2018-05-02,"Tim Adriaens",
"Leiobunum sp A","Animalia","Arachnida","Opiliones","Sclerosomatidae","Leiobunum","species","ICZN","Wallonia",,"Belgium","present","2009",,"established",,"terrestrial","Vanherke, L. Hooiwagens in België – een overzicht. Nieuwsbr. Belg. Arachnol. Ver. (2010),25(2): 138 // WIJNHOVEN, H., SCHÖNHOFER, A.L. & MARTENS, J., 2007. An unidentified harvestman Leiobunum sp. alarmingly invading Europe (Opiliones). Arachnologische Mitteilungen, 34: 27-38.",,,,,2018-05-02,"Tim Adriaens",
"Macaroeris nidicolens Walckenaer 1802","Animalia","Arachnida",,,,"species","ICZN","Flanders","mediterranean","Belgium","present","2006",,"established",,"terrestrial",,,,,,2018-05-03,"Tim Adriaens",
"Macrothele calpeiana Walckenaer 1805","Animalia","Arachnida",,,,"species","ICZN","Flanders","mediterranean","Belgium","present",,,"casual",,"terrestrial",,,,,,2018-05-03,"Tim Adriaens",
"Mermessus denticulatus Banks 1898","Animalia","Arachnida",,,,"species","ICZN","Flanders","mediterranean","Belgium","present",,,"casual",,"terrestrial",,,,,,2018-05-03,"Tim Adriaens",
"Micropholcus fauroti (Simon, 1887)","Animalia","Arachnida",,"Pholcidae","Micropholcus","species","ICZN","Flanders","North America, Hawaï","Belgium","present","2001",,"established",,"terrestrial",,,,,,2018-05-03,"Tim Adriaens",
"Neoscona nautica C.L. Koch 1875","Animalia","Arachnida",,,,"species","ICZN","Flanders","North America","Belgium","present","2001",,"casual",,"terrestrial",,,,,,2018-05-03,"Tim Adriaens",
"Nephila spec.","Animalia","Arachnida",,,,"species","ICZN","Flanders","?","Belgium","present",,,"casual",,"terrestrial",,,,,,2018-05-03,"Tim Adriaens",
"Nephilengys cruentata Fabricius 1775","Animalia","Arachnida",,,,"species","ICZN","Flanders","?","Belgium","present","1986",,"casual",,"terrestrial",,,,,,2018-05-03,"Tim Adriaens",
"Nesticodes rufipes Lucas 1846","Animalia","Arachnida",,,,"species","ICZN","Flanders","Hawaï","Belgium","present","2004",,"casual",,"terrestrial",,,,,,2018-05-03,"Tim Adriaens",
"Oecobius spec.","Animalia","Arachnida",,,,"species","ICZN","Flanders","?","Belgium","present",,,"casual",,"terrestrial",,,,,,2018-05-03,"Tim Adriaens",
"Oecobius navus Blackwall 1859","Animalia","Arachnida",,,,"species","ICZN","Flanders","?","Belgium","present","1985",,"established",,"terrestrial",,,,,"probably not viable outside the protected environment of heated greenhouses or other buildings",2018-05-03,"Tim Adriaens",
"Pellenes geniculatus Simon 1868","Animalia","Arachnida",,,,"species","ICZN","Flanders","mediterranean","Belgium","present","2001",,"casual",,"terrestrial",,,,,,2018-05-03,"Tim Adriaens",
"Phidippus spec. cfr. regius Audouin 1826","Animalia","Arachnida",,,,"species","ICZN","Flanders","North America","Belgium","present",,,"casual",,"terrestrial",,,,,,2018-05-03,"Tim Adriaens",
"Pholcus opilionoides  Schrank 1781","Animalia","Arachnida",,,,"species","ICZN","Flanders","?","Belgium","present","2006",,"established",,"terrestrial",,,,,,2018-05-03,"Tim Adriaens",
"Phoneutria nigriventer Keyserling 1891","Animalia","Arachnida",,,,"species","ICZN","Flanders","South America","Belgium","present","1986",,"casual",,"terrestrial",,,,,,2018-05-03,"Tim Adriaens",
"Phormictopus cancerides Latreille 1806","Animalia","Arachnida",,,,"species","ICZN","Flanders","South America","Belgium","present",,,"casual",,"terrestrial",,,,,,2018-05-03,"Tim Adriaens",
"Plexippus paykulli Audouin 1826","Animalia","Arachnida",,,,"species","ICZN","Flanders","North America","Belgium","present","2001",,"casual",,"terrestrial",,,,,,2018-05-03,"Tim Adriaens",
"Saitis barbipes Simon 1868","Animalia","Arachnida",,,,"species","ICZN","Flanders","mediterranean","Belgium","present","2006",,"casual",,"terrestrial",,,,,,2018-05-03,"Tim Adriaens",
"Selenops radiatus Latreille 1819","Animalia","Arachnida",,,,"species","ICZN","Flanders","Africa","Belgium","present","2004",,"casual",,"terrestrial",,,,,,2018-05-03,"Tim Adriaens",
"Spermophora senoculata Dugès 1836","Animalia","Arachnida",,,,"species","ICZN","Flanders","?","Belgium","present","1998",,"casual",,"terrestrial",,,,,,2018-05-03,"Tim Adriaens",
"Steatoda nobilis Thorell 1875","Animalia","Arachnida",,,,"species","ICZN","Flanders","China","Belgium","present",,,"casual",,"terrestrial",,,,,,2018-05-03,"Tim Adriaens",
"Steatoda paykulliana Walckenaer 1805","Animalia","Arachnida",,,,"species","ICZN","Flanders","mediterranean","Belgium","present","1999",,"casual",,"terrestrial",,,,,,2018-05-03,"Tim Adriaens",
"Steatoda grossa C.L. Koch 1838","Animalia","Arachnida",,,,"species","ICZN","Flanders",,"Belgium","present",,,"established",,"terrestrial",,,,,,2018-05-03,"Tim Adriaens",
"Thanatus vulgaris Simon 1870","Animalia","Arachnida",,,,"species","ICZN","Flanders","?","Belgium","present",,,"casual",,"terrestrial",,,,,,2018-05-03,"Tim Adriaens",
"Triaeris stenaspis Simon 1891","Animalia","Arachnida",,,,"species","ICZN","Flanders","?","Belgium","present",,,"casual",,"terrestrial",,,,,,2018-05-03,"Tim Adriaens",
"Uloborus plumipes Lucas 1846","Animalia","Arachnida",,,,"species","ICZN","Flanders","mediterranean","Belgium","present","1984",,"established",,"terrestrial",,,,,"probably not viable outside the protected environment of heated greenhouses or other buildings",2018-05-03,"Tim Adriaens",
"Varroa jacobsoni","Animalia","Arachnida",,,,"species","ICZN","Flanders",,"Belgium","present","1985",,,,"terrestrial",,,,,,2018-05-03,"Tim Adriaens",
"Zoropsis spinimana Dufour 1820","Animalia","Arachnida",,,,"species","ICZN","Flanders","mediterranean","Belgium","present","2004",,"established",,"terrestrial",,,,,,2018-05-03,"Tim Adriaens",
"Nicoletia phytophila Gervais, 1844","Animalia","Arthropoda","Zygentoma",,,"species","ICZN","Flanders",,"Belgium","present","2016",,,,"terrestrial",,,,,"greenhouse species",2018-05-04,"Tim Adriaens",
"Thermobia domestica","Animalia","Arthropoda","Zygentoma","Lepismatidae",,"species","ICZN",,,"Belgium","present",,,,,"terrestrial",,,,,,2018-05-04,"Tim Adriaens",
"Ctenolepisma lineata","Animalia","Arthropoda","Zygentoma","Lepismatidae",,"species","ICZN",,,"Belgium","present",,,,,"terrestrial",,,,,,2018-05-04,"Tim Adriaens",
"Euborellia annulipes (Dohrn, 1864)","Animalia","Arthropoda","Dermaptera",,,"species","ICZN","Flanders",,"Belgium","present","2016",,,,"terrestrial",,,,,"greenhouse species",2018-05-04,"Tim Adriaens",
"Scutigera coleoptrata (Linnaeus 1758)","Animalia","Arthropoda","Scutigeromorpha","Scutigeridae","Scutigera","species","ICZN","Wallonia",,"Belgium","present","1830",,,,"terrestrial",,,,,,2018-05-04,"Tim Adriaens",
"Hanseniella caldaria (Hansen, 1903)","Animalia","Arthropoda",,,,"species","ICZN",,,"Belgium","present",,,,,"terrestrial",,,,,,2018-05-04,"Tim Adriaens",
"Aleurodothrips fasciapennis (Franklin 1908)","Animalia","Arthropoda","Thysanoptera",,,"species","ICZN",,,"Belgium","present",,,,,"terrestrial",,,,,,2018-05-04,"Tim Adriaens",
"Aurantothrips orchidaceus (Bagnall 1909)","Animalia","Arthropoda","Thysanoptera",,,"species","ICZN",,,"Belgium","present",,,,,"terrestrial",,,,,,2018-05-04,"Tim Adriaens",
"Chaetanaphothrips orchidii (Moulton 1907)","Animalia","Arthropoda","Thysanoptera",,,"species","ICZN",,,"Belgium","present",,,,,"terrestrial",,,,,,2018-05-04,"Tim Adriaens",
"Echinothrips americanus Morgan 1913","Animalia","Arthropoda","Thysanoptera",,,"species","ICZN",,,"Belgium","present",,,,,"terrestrial",,,,,,2018-05-04,"Tim Adriaens",
"Frankliniella occidentalis (Pergande 1895)","Animalia","Arthropoda","Thysanoptera",,,"species","ICZN",,,"Belgium","present",,,,,"terrestrial",,,,,,2018-05-04,"Tim Adriaens",
"Heliothrips haemorrhoidalis (Bouché 1833)","Animalia","Arthropoda","Thysanoptera",,,"species","ICZN",,,"Belgium","present",,,,,"terrestrial",,,,,,2018-05-04,"Tim Adriaens",
"Hercinothrips bicinctus (Bagnall 1919)","Animalia","Arthropoda","Thysanoptera",,,"species","ICZN",,,"Belgium","present",,,,,"terrestrial",,,,,,2018-05-04,"Tim Adriaens",
"Hercinothrips femoralis (O.M. Reuter 1891)","Animalia","Arthropoda","Thysanoptera",,,"species","ICZN",,,"Belgium","present",,,,,"terrestrial",,,,,,2018-05-04,"Tim Adriaens",
"Leucothrips nigripennis O.M. Reuter 1904","Animalia","Arthropoda","Thysanoptera",,,"species","ICZN",,,"Belgium","present",,,,,"terrestrial",,,,,,2018-05-04,"Tim Adriaens",
"Parthenothrips dracaenae (Heeger 1854)","Animalia","Arthropoda","Thysanoptera",,,"species","ICZN",,,"Belgium","present",,,,,"terrestrial",,,,,,2018-05-04,"Tim Adriaens",
"Scirtothrips longipennis (Bagnall 1909)","Animalia","Arthropoda","Thysanoptera",,,"species","ICZN",,,"Belgium","present",,,,,"terrestrial",,,,,,2018-05-04,"Tim Adriaens",
"Ectopsocus briggsi","Animalia","Arthropoda","Psocoptera",,,"species","ICZN",,,"Belgium","present",,,,,"terrestrial",,,,,"ooit ingevoerd, maar intussen ingeburgerd",2018-05-04,"Tim Adriaens",
"Ectopsocus petersi","Animalia","Arthropoda","Psocoptera",,,"species","ICZN",,,"Belgium","present",,,,,"terrestrial",,,,,"ooit ingevoerd, maar intussen ingeburgerd",2018-05-04,"Tim Adriaens",
"Badonnelia titei","Animalia","Arthropoda","Psocoptera",,,"species","ICZN",,,"Belgium","present",,,,,"terrestrial",,,,,,2018-05-04,"Tim Adriaens",
"Cerobasis annulata","Animalia","Arthropoda","Psocoptera",,,"species","ICZN",,,"Belgium","present",,,,,"terrestrial",,,,,,2018-05-04,"Tim Adriaens",
"Dorypteryx domestica","Animalia","Arthropoda","Psocoptera",,,"species","ICZN",,,"Belgium","present",,,,,"terrestrial",,,,,,2018-05-04,"Tim Adriaens",
"Dorypteryx longipennis","Animalia","Arthropoda","Psocoptera",,,"species","ICZN",,,"Belgium","present",,,,,"terrestrial",,,,,,2018-05-04,"Tim Adriaens",
"Dorypteryx pallida","Animalia","Arthropoda","Psocoptera",,,"species","ICZN",,,"Belgium","present",,,,,"terrestrial",,,,,,2018-05-04,"Tim Adriaens",
"Lepinotus patruelis","Animalia","Arthropoda","Psocoptera",,,"species","ICZN",,,"Belgium","present",,,,,"terrestrial",,,,,,2018-05-04,"Tim Adriaens",
"Lepinotus reticulatus","Animalia","Arthropoda","Psocoptera",,,"species","ICZN",,,"Belgium","present",,,,,"terrestrial",,,,,,2018-05-04,"Tim Adriaens",
"Liposcelis bostrychophila","Animalia","Arthropoda","Psocoptera",,,"species","ICZN",,,"Belgium","present",,,,,"terrestrial",,,,,,2018-05-04,"Tim Adriaens",
"Liposcelis brunnea","Animalia","Arthropoda","Psocoptera",,,"species","ICZN",,,"Belgium","present",,,,,"terrestrial",,,,,,2018-05-04,"Tim Adriaens",
"Liposcelis paeta","Animalia","Arthropoda","Psocoptera",,,"species","ICZN",,,"Belgium","present",,,,,"terrestrial",,,,,,2018-05-04,"Tim Adriaens",
"Psoquilla marginepunctata","Animalia","Arthropoda","Psocoptera",,,"species","ICZN",,,"Belgium","present",,,,,"terrestrial",,,,,,2018-05-04,"Tim Adriaens",
"Psyllipsocus ramburii","Animalia","Arthropoda","Psocoptera",,,"species","ICZN",,,"Belgium","present",,,,,"terrestrial",,,,,,2018-05-04,"Tim Adriaens",
"Trichopsocus clarus","Animalia","Arthropoda","Psocoptera",,,"species","ICZN",,,"Belgium","present",,,,,"terrestrial",,,,,,2018-05-04,"Tim Adriaens",
"Trogium pulsatorium","Animalia","Arthropoda","Psocoptera",,,"species","ICZN",,,"Belgium","present",,,,,"terrestrial",,,,,,2018-05-04,"Tim Adriaens",
"Anguillicola crassus Kuwahara, Niimi & Itagaki, 1974","Animalia","Nematoda",,"Anguillicolidae","Anguillicoloides","species","ICZN","Flanders",,"Belgium","present","1985",,"established","contaminant_animal_parasite","freshwater | marine","Belpaire, C.; De Charleroy, D. (Ed.) (1985). Onderzoek naar de gezondheidstoestand van vissen bestemd voor uitzetting. Laboratorium voor Ekologie en Faunabeheer: Leuven. 32 pp.","Anguilla anguilla (Linnaeus, 1758)",,,,2018-05-08,"Tim Adriaens",
"Gyrodactylus proterorhini Ergens, 1967","Animalia","Platyhelminthes",,"Gyrodactylidae","Gyrodactylus","species","ICZN","Flanders",,"Belgium","present","2011",,"established","contaminant_animal_parasite","freshwater","doi: 10.1007/s00436-015-4544-6","Proterorhinus semilunaris (Heckel, 1937)",,,,2018-05-08,"Tim Adriaens",
"Tapinoma magnum, Tapinoma nigerrimum complex","Animalia","Arthropoda","Hymenoptera","Formicidae","Tapinoma","species","ICZN","Flanders","Europe","Belgium","present","2014",,"established",,"terrestrial","Dekoninck W, Parmentier T & Seifert B, 2016. First records of a supercolonial species of theTapinoma nigerrimumcomplex in Belgium (Hymenoptera : Formicidae).Bulletin S.R.B.E./K.B.V.E, 151: 206-209.",,,,"in vrije natuur",2018-04-17,"Tim Adriaens","Wouter Dekoninck"
"Enderleinellus kumadai Kaneko, 1954","Animalia","Arthropoda","Phthiraptera","Enderleinellidae","Enderleinellus","species","ICZN","Flanders","southern Asia","Belgium","present","2004","2011","established","contaminant_animal_parasite","terrestrial","Dozieres, A., Pisanu, B., Gerriet, O., Lapeyre, C., Stuyck, J. & Cha- ` puis, J.-L. (2010) Macroparasites of Pallas’s squirrels, Callosciurus erythraeus, introduced into Europe. Veterinary Parasitology, 172, 172–176.","Callosciurus erythraeus (Pallas, 1779)",,,"established with host now probably eradicated",2018-05-14,"Tim Adriaens",
"Hoplopleura erismata Ferris, 1921","Animalia","Arthropoda","Phthiraptera","Hoplopleuridae","Hoplopleura","species","ICZN","Flanders","southern Asia","Belgium","present","2004","2011","established","contaminant_animal_parasite","terrestrial","Dozieres, A., Pisanu, B., Gerriet, O., Lapeyre, C., Stuyck, J. & Cha- ` puis, J.-L. (2010) Macroparasites of Pallas’s squirrels, Callosciurus erythraeus, introduced into Europe. Veterinary Parasitology, 172, 172–176.","Callosciurus erythraeus (Pallas, 1779)",,,"established with host now probably eradicated",2018-05-14,"Tim Adriaens",
"Mastophorus sp.","Animalia","Nematoda",,,"Mastophorus","species","ICZN","Flanders","southern Asia","Belgium","present","2004","2011","established","contaminant_animal_parasite","terrestrial","Dozieres, A., Pisanu, B., Gerriet, O., Lapeyre, C., Stuyck, J. & Cha- ` puis, J.-L. (2010) Macroparasites of Pallas’s squirrels, Callosciurus erythraeus, introduced into Europe. Veterinary Parasitology, 172, 172–176.","Callosciurus erythraeus (Pallas, 1779)",,,"established with host now probably eradicated",2018-05-14,"Tim Adriaens",
"Cydalima perspectalis (Walker, 1859)","Animalia","Arthropoda","Lepidoptera",,"Cydalima","species","ICZN","Flanders",,"Belgium","present",,,,,"terrestrial",,,,,,,,
"Cydalima perspectalis (Walker, 1859)","Animalia","Arthropoda","Lepidoptera",,"Cydalima","species","ICZN","Wallonia",,"Belgium","present",,,,,"terrestrial",,,,,,,,
